create_time,idppe,idbeacon,bluetooth_channel,rssi_1,rssi_2,rssi_3,rssi_4,az_1,az_2,az_3,az_4,el_1,el_2,el_3,el_4,x,y,z
1761084942.22198,2c08d2cc-7a1c-9d34-25ea-6265acb43d72,5be90161-612a-7e4b-2d20-05a1bedb199d,5,-69.0,-88.0,-60.0,-76.0,3.134933685600159,-2.1251865709166915,1.8551249921516804,-1.881282160904275,0.37873200020374903,0.28903217402651354,0.8698005959818662,0.5682008649027279,-4.161330223083496,6.39210033416748,0.72629052400589
1761084944.225799,2c08d2cc-7a1c-9d34-25ea-6265acb43d72,11aa12be-8187-9e40-abeb-deb09d11dc6d,20,-68.0,-77.0,-63.0,-69.0,3.1217041665690815,-2.1447799796886224,1.8078032827420623,-2.1063128814293544,0.29782569891935984,0.30796032515814276,0.7857301930063539,0.6229166413418691,-3.9439356327056885,6.348542213439941,0.8676487803459167
1761084945.221869,2c08d2cc-7a1c-9d34-25ea-6265acb43d72,c6f982b0-cc3d-e213-ae1e-f6f381ac48f0,2,-67.0,-73.0,-61.0,-72.0,3.1388767619101303,-2.111296055303056,1.7752701068656545,-2.1949534019934975,0.22928082601922326,0.32273793973088344,0.7887370350351078,0.5263613058865516,-3.9212772846221924,6.378673553466797,0.7800629138946533
1761084946.219851,2c08d2cc-7a1c-9d34-25ea-6265acb43d72,4befc4eb-8460-36d1-14d6-f1334f3d0143,2,-89.0,-76.0,-65.0,-74.0,3.03770593525911,-2.1035288128257856,1.7062734619760995,-2.1888467736139456,0.29839095486072914,0.26933396986568797,0.7892355787911707,0.4108776861415505,-3.957101345062256,6.438666820526123,0.7235562801361084
1761084948.223488,2c08d2cc-7a1c-9d34-25ea-6265acb43d72,5879743c-2f3a-04bb-c3d8-0da603c9c410,17,-68.0,-82.0,-68.0,-84.0,2.9805001697797717,-2.0707040208100143,1.6077104026644848,-2.1508964617642077,0.2905419200484795,0.3322241528232593,0.7302752562066612,0.3637051470424906,-4.092612266540527,6.602431774139404,0.5970255732536316
1761084949.224981,2c08d2cc-7a1c-9d34-25ea-6265acb43d72,05bf5c57-9aad-f87c-eb12-55d8571cc11c,11,-66.0,-75.0,-61.0,-69.0,2.99738035003313,-2.0755756082340415,1.625669695791543,-2.1271333416735394,0.43446037706836566,0.22939136384921838,0.5485651118694647,0.17913569980093055,-4.188507556915283,6.692415714263916,0.632404088973999
1761084950.224154,2c08d2cc-7a1c-9d34-25ea-6265acb43d72,5f18559b-b6e3-e6b6-d91d-49292415f305,11,NaN,NaN,-60.0,NaN,NaN,NaN,1.629830086046465,NaN,NaN,NaN,0.5107487570225575,NaN,NaN,NaN,NaN
1761084951.221418,2c08d2cc-7a1c-9d34-25ea-6265acb43d72,e26bf8dd-067a-6802-6a2f-809529570af0,3,-67.0,-81.0,-58.0,-76.0,3.114982880609939,-2.0093395961304625,1.6224131824105943,-2.112472107240435,0.23639226507806185,0.46559625889983636,0.9347128838656211,0.19683200577034354,-4.28406286239624,6.797568321228027,0.7662911415100098
1761084953.225528,2c08d2cc-7a1c-9d34-25ea-6265acb43d72,908677a9-74c2-e599-4f1a-a2f568653fd5,26,-74.0,-79.0,-62.0,-80.0,3.1402147340417863,-2.307567831848588,1.6750271255384177,-2.161285320018552,0.29345282169896336,0.3879273961050883,0.8148031902574492,0.20318610839419088,-4.505210876464844,7.019084930419922,0.640032172203064
1761084954.226068,2c08d2cc-7a1c-9d34-25ea-6265acb43d72,e5dfe9f8-a7d4-4672-7f64-96df6b6dbf07,35,-70.0,-79.0,-62.0,-78.0,-3.1360327721820345,-2.3846823243729225,1.683541251543401,-2.1822802173141373,0.2434656042885555,0.3457922927869405,0.7658413065114786,0.20931622252560567,-4.635803699493408,7.125939846038818,0.6149598360061646
1761084955.226196,2c08d2cc-7a1c-9d34-25ea-6265acb43d72,a423af8c-a421-6fd8-b3e1-c8e790e88703,14,-65.0,-78.0,-62.0,-73.0,3.1414994429516407,-2.1973638290961284,1.7163742993585522,-2.118919620239517,0.39304948711915133,0.3167203275107677,0.8617326160384985,0.19717543703766607,-4.766817092895508,7.23018503189087,0.65433669090271
1761084957.226574,2c08d2cc-7a1c-9d34-25ea-6265acb43d72,27b450c1-3e49-6dde-7082-c1e12cc1b1c4,21,-73.0,-73.0,-65.0,-77.0,-3.1415657556627834,-2.172880057614485,1.7191652921809548,-2.142773420965302,0.41203536226740795,0.2519869707627525,0.9134845605004906,0.16940520825756714,-5.026752948760986,7.428924560546875,0.646129846572876
1761084958.225004,2c08d2cc-7a1c-9d34-25ea-6265acb43d72,d1d7657c-23f9-329c-0cc3-36f983c6fad3,7,-65.0,-76.0,-62.0,-69.0,-3.1093401748922798,-2.1328175927042046,1.7061339123349792,-2.0654092570887728,0.5229084509542367,0.25123294663436696,0.6548828302221993,0.17127709425351337,-5.136713027954102,7.52089786529541,0.6369186639785767
1761084959.223466,2c08d2cc-7a1c-9d34-25ea-6265acb43d72,4635b148-ed8c-5ce2-b43a-164c986b3408,20,-66.0,-75.0,-62.0,-69.0,-3.094469083365277,-2.0883755593812894,1.7468003821804894,-2.043528991888791,0.48188844647401874,0.33845648240626275,0.6563939078247102,0.27646486664524095,-5.201119422912598,7.596478462219238,0.649743914604187
1761084961.225863,2c08d2cc-7a1c-9d34-25ea-6265acb43d72,11f62349-ee75-d690-c939-a7882a1bcf4d,17,-69.0,-72.0,-63.0,-81.0,-3.0382422959026525,-1.9495158101415222,1.660943264429643,-2.051828200793805,0.3348097826361036,0.34875672397533486,0.6589070663663907,0.3388334528585635,-5.3043646812438965,7.749676704406738,0.39616072177886963
1761084962.224169,2c08d2cc-7a1c-9d34-25ea-6265acb43d72,9cfb453a-e30d-e0d3-b763-3b815e759be3,19,-63.0,-88.0,-57.0,-68.0,-3.0493207797212727,-2.2214475937820417,1.5986434044172009,-2.0669403083994595,0.3544059211481519,0.29440623336921173,0.6253951787893786,0.2574959691489336,-5.346442222595215,7.821998596191406,0.4604158103466034
1761084963.22479,2c08d2cc-7a1c-9d34-25ea-6265acb43d72,3378fa87-4775-0cfd-853f-c91064b80935,33,-70.0,-77.0,-61.0,-78.0,-3.1010950281573946,-1.9378582219438638,1.612687318109625,-2.0774968126444247,0.37419374067965866,0.26881621806026296,0.5667863934687596,0.266336565414047,-5.36833906173706,7.870078086853027,0.5417557954788208
1761084964.226375,2c08d2cc-7a1c-9d34-25ea-6265acb43d72,fcf114e5-2d63-4b74-d8ed-d6c7abaaca8a,26,-67.0,-82.0,-59.0,-75.0,3.102495318258558,-1.8647955958600306,1.6871471716593684,-2.0541957510028857,0.40739353906642717,0.2604575207943994,0.6051484966020513,0.35541116459111594,-5.367806911468506,7.90050506591797,0.6142974495887756
1761084966.24084,2c08d2cc-7a1c-9d34-25ea-6265acb43d72,fb1ccd3b-ecd6-bece-a66a-8bb1687c5483,2,-63.0,-74.0,-51.0,-65.0,3.1298449173892355,-2.0835511099085564,1.7293071422441948,-2.0759441897289084,0.3863944805816387,0.27163995111931716,0.5415659916296002,0.3047480868303164,-5.346228122711182,7.914308071136475,0.09235338121652603
1761084967.225288,2c08d2cc-7a1c-9d34-25ea-6265acb43d72,17007995-aaa0-0c6e-17bd-8972075c3a62,30,-66.0,-74.0,-54.0,-78.0,3.0982811321496166,-2.1203420145777283,1.7549608403927102,-1.9968047626697323,0.46242436746252474,0.2203330708097478,0.7815705351207319,0.2710203167574398,-5.307586669921875,7.9097676277160645,0.1026793047785759
1761084968.226043,2c08d2cc-7a1c-9d34-25ea-6265acb43d72,f4e2eb24-7a27-2a1d-918f-ef5d548ea428,7,-63.0,-85.0,-57.0,-68.0,-3.078601969590585,-2.099756045667525,1.8326244767338187,-1.8211798082653123,0.4583838194566565,0.22729272633120867,0.7184926991748508,0.4463797872906925,-5.2490816116333,7.91269302368164,0.1338445544242859
1761084970.226999,2c08d2cc-7a1c-9d34-25ea-6265acb43d72,3b9fa13b-7e8d-3697-b2cc-b7b520116de4,24,-69.0,NaN,-74.0,-72.0,-3.102943528270018,NaN,1.8527835409212827,-2.0499151190247464,0.30905285370583413,NaN,0.5071549875790637,0.34759282271042946,-5.146714210510254,7.918354511260986,0.3188174068927765
1761084971.221778,2c08d2cc-7a1c-9d34-25ea-6265acb43d72,1c2f5a8b-bb76-042c-c695-78dc06998b88,35,-69.0,NaN,-62.0,-86.0,3.080763923763511,NaN,1.7423981768985883,-2.128853743737731,0.24003129161533018,NaN,0.43383237039381134,0.3627041313677571,-5.171311378479004,7.886610984802246,0.38812291622161865
1761084972.225851,2c08d2cc-7a1c-9d34-25ea-6265acb43d72,fa022ae7-dac0-1db4-45d9-585fc7e55183,33,-69.0,NaN,-62.0,-73.0,3.0721640439714273,NaN,1.7366633258072117,-2.200141905587244,0.21448400339712037,NaN,0.49836519111174354,0.32532892915542155,-5.209313869476318,7.835607528686523,0.4833959937095642
1761084973.226988,2c08d2cc-7a1c-9d34-25ea-6265acb43d72,99c406b7-dc1c-8994-77ec-0cd8f60ead55,3,-69.0,NaN,-70.0,-74.0,3.1038460735634463,NaN,1.737777592407301,-2.174570632274467,0.3335176834542244,NaN,0.566639586713669,0.2461771017524197,-5.249178409576416,7.798654556274414,0.5535020232200623
1761084975.226283,2c08d2cc-7a1c-9d34-25ea-6265acb43d72,91606f10-279e-62dc-dcf9-407ea40edfc3,27,-68.0,-82.0,-61.0,-81.0,-3.133751242076164,3.1274619208458323,1.7304501709840567,-2.180954495723496,0.3424566835216163,0.7011701012854032,0.6815701011897743,0.2578891016600997,-5.294339179992676,7.776098728179932,0.5635639429092407
1761084976.221174,2c08d2cc-7a1c-9d34-25ea-6265acb43d72,0052b513-af3f-3be3-146d-81c699f6d338,5,-69.0,-78.0,-63.0,-70.0,-3.1295027011891605,-2.4422870313835543,1.7199642405079787,-2.193833010122901,0.3676468584824032,0.2508554601946051,0.5781572257960437,0.1565979667068352,-5.3392791748046875,7.771690368652344,0.599238395690918
1761084977.226322,2c08d2cc-7a1c-9d34-25ea-6265acb43d72,5e920e67-830b-3292-b3ee-df7c425db310,29,-64.0,-85.0,-58.0,NaN,3.130075014507418,-2.2438282669508496,1.744172374816799,NaN,0.28294022632247096,0.15034925868312776,0.6117247734398383,NaN,-5.386931896209717,7.768811225891113,1.185571312904358
1761084979.22803,2c08d2cc-7a1c-9d34-25ea-6265acb43d72,16f39057-4045-4fc7-722c-76656365100d,23,-69.0,-73.0,-62.0,NaN,-3.1249337820230205,-2.258021317664318,1.7715800308592407,NaN,0.23271934981592224,0.1763101358186269,0.4929836416284796,NaN,-5.542705535888672,7.765486240386963,1.2719416618347168
1761084980.222207,2c08d2cc-7a1c-9d34-25ea-6265acb43d72,c3cf1ed7-82a9-7520-6c93-9b27cabc0c87,30,-71.0,NaN,-61.0,NaN,-2.986714389867363,NaN,1.763158050227974,NaN,0.18996432917503128,NaN,0.6813566488284044,NaN,-5.6338348388671875,7.747912883758545,1.302982211112976
1761084981.220692,2c08d2cc-7a1c-9d34-25ea-6265acb43d72,90aee098-a494-3892-5386-957aeb6aae0d,5,-72.0,NaN,-58.0,NaN,-2.978545675855763,NaN,1.699236325111674,NaN,0.18056461888381253,NaN,0.71958685890871,NaN,NaN,NaN,NaN
1761084982.223568,2c08d2cc-7a1c-9d34-25ea-6265acb43d72,349788b9-08c3-e690-189d-3970d627fcb5,9,-72.0,NaN,-60.0,-71.0,-2.995670600613299,NaN,1.748568721144302,-2.1623930618739706,0.2765445783856184,NaN,0.6950684663328954,0.583225887140737,-5.734065055847168,7.74078369140625,1.2659711837768555
1761084984.226131,2c08d2cc-7a1c-9d34-25ea-6265acb43d72,69a5355d-d599-7627-854c-930fc79b93b5,1,-73.0,NaN,-60.0,-68.0,3.0759297537527996,NaN,1.7259227971309221,-2.272114766153017,0.33447439078632174,NaN,0.5901050985525207,0.5662648799482948,-5.7618889808654785,7.68657398223877,1.165635347366333
1761084985.226971,2c08d2cc-7a1c-9d34-25ea-6265acb43d72,186df20b-8e3d-257d-1fba-ab99a13b0350,30,-72.0,-81.0,NaN,-88.0,-3.0485561861723105,-2.095997526421096,NaN,-2.330443320347933,0.30566774293374804,0.5052192356512261,NaN,0.634365637447147,-5.790541172027588,7.696289539337158,0.99400395154953
1761084986.224851,2c08d2cc-7a1c-9d34-25ea-6265acb43d72,ce25675b-a83e-4058-8b29-74171bf5d466,24,-67.0,-89.0,NaN,NaN,-3.0286000548599117,-2.0587774533422576,NaN,NaN,0.22039773568996626,0.41444958437459206,NaN,NaN,-5.79258394241333,7.723333835601807,0.9202725887298584
1761084988.226606,2c08d2cc-7a1c-9d34-25ea-6265acb43d72,512b154d-ee86-6197-11d8-4903829a40c4,12,-68.0,-86.0,NaN,NaN,-3.1280917584436363,-2.1885442385141127,NaN,NaN,0.18928905139112803,0.238659264311235,NaN,NaN,NaN,NaN,NaN
1761084989.22912,2c08d2cc-7a1c-9d34-25ea-6265acb43d72,a5882195-ed46-00e6-7733-02c2d71f8d68,2,-63.0,-79.0,NaN,NaN,-3.067712037577142,-2.1615549650789228,NaN,NaN,0.22226888931661276,0.15516949703238714,NaN,NaN,NaN,NaN,NaN
1761084990.22602,2c08d2cc-7a1c-9d34-25ea-6265acb43d72,efd3675b-9a17-b32d-7419-e7f5ec79e4d9,5,-69.0,-84.0,-58.0,-78.0,3.067710173364379,-2.150136928221317,1.8020039831523058,-2.3810391200016943,0.3188613092901096,0.15469513810797358,0.5833778204809259,0.40857461772036363,NaN,NaN,NaN
1761084992.226227,2c08d2cc-7a1c-9d34-25ea-6265acb43d72,a05245c3-0d13-8ced-d471-bc9d3d50212e,6,-71.0,-73.0,-57.0,-70.0,2.778849873096716,-2.5006267708550483,1.82863506142088,-2.316283292831981,0.2610907872121066,0.11418561999683176,0.6166274532695925,0.4080114923078665,-5.842654705047607,7.672420501708984,0.8438113927841187
1761084993.227314,2c08d2cc-7a1c-9d34-25ea-6265acb43d72,11052f09-9b0f-0a2f-390b-91a8d5eaf0d5,2,-79.0,-79.0,-65.0,-73.0,2.748564937812553,-2.552232441194168,1.750827614380907,-2.245022162067532,0.34529964127478946,0.10791557339489008,0.4810853702473053,0.4090821163555919,-5.850045204162598,7.6269989013671875,0.8456899523735046
1761084994.22466,2c08d2cc-7a1c-9d34-25ea-6265acb43d72,a269f6df-db4a-a544-d6ed-deb8d7a3fc07,24,-71.0,-81.0,-62.0,-72.0,2.8390495642735214,-2.405022749830621,1.7328310369985878,-2.2363365284883474,0.27491415787675827,0.12797253032168454,0.5190296899845908,0.32096923458242094,-5.857150077819824,7.58682107925415,0.862794518470764
1761084995.227226,2c08d2cc-7a1c-9d34-25ea-6265acb43d72,f73be97d-334a-63a2-4df2-0d52567db21e,29,-68.0,-91.0,-63.0,-79.0,3.0973436994459083,-2.353351299412576,1.7467561737063941,-2.151112976760831,0.27838968296785255,0.13137164765662876,0.5609302353897299,0.3573994806609691,-5.846920490264893,7.537630558013916,0.924473226070404
1761084997.226672,2c08d2cc-7a1c-9d34-25ea-6265acb43d72,b3977fa8-9182-7c56-5358-4bb0b4bc4dfd,31,-70.0,-83.0,-61.0,-74.0,3.1293117525390017,-2.3304238792719754,1.6485957843515993,-2.1645158675788725,0.26208083399210036,0.1835977263388174,0.6623489357592092,0.43070352229761816,-5.835070610046387,7.536951541900635,0.922224998474121
1761084998.226637,2c08d2cc-7a1c-9d34-25ea-6265acb43d72,4a0b2736-f030-1064-a4ef-5a339b22406a,29,-70.0,-79.0,-60.0,-78.0,-3.0426389085462637,-2.2915276126030406,1.6494655727636194,-2.1995044779803337,0.22289005499611692,0.15115308392389776,0.5684217741151499,0.4099670514963115,-5.807459354400635,7.510220527648926,1.0220812559127808
1761084999.227064,2c08d2cc-7a1c-9d34-25ea-6265acb43d72,f66442df-fd5a-bca5-2302-f07e9950facb,0,-63.0,-75.0,-63.0,-81.0,-3.0357975140219593,-2.107992137654704,1.7555169084283186,-2.0514170087214967,0.2377948355109089,0.17826715974567162,0.6770834071222905,0.34361056464292034,-5.80672025680542,7.46689796447754,1.10993766784668
1761085001.224076,2c08d2cc-7a1c-9d34-25ea-6265acb43d72,919b86f3-f464-c463-9eca-a0924de14f5a,3,-85.0,-73.0,-60.0,-69.0,-3.042208275397998,-2.08605061974965,1.729282641162166,-2.1432902073748323,0.2862622534662358,0.19559476770692,0.7377172601358057,0.27207233196704833,-5.765172004699707,7.45167112350464,1.1445531845092773
1761085002.224543,2c08d2cc-7a1c-9d34-25ea-6265acb43d72,f5f955ff-329a-f5ba-2597-d6753ac858be,34,-79.0,-82.0,-62.0,-85.0,-3.0573816357087247,-2.1303211454983644,1.760094882342165,-2.1841624064145506,0.2557642153605959,0.23258471037806194,0.7199563725099585,0.30100018693873426,-5.74415636062622,7.49700689315796,1.1073240041732788
1761085003.223935,2c08d2cc-7a1c-9d34-25ea-6265acb43d72,22e44702-d259-7abe-10cd-66582ba280e6,22,-67.0,-84.0,-62.0,-75.0,-3.054199957154407,-2.1054343045857373,1.63947392498586,-2.0819962233061133,0.229830469178702,0.18124059574750193,0.544937154095477,0.2704092710900779,-5.734431743621826,7.542494297027588,1.1095948219299316
1761085005.222962,2c08d2cc-7a1c-9d34-25ea-6265acb43d72,e8c6ae0a-c9c0-a63d-e18e-8632811039fb,5,-69.0,-74.0,-63.0,-75.0,-3.0520068439967267,-2.0375054541352497,1.6170272054220183,-2.101396419740959,0.2639572140723861,0.14716964407865493,0.474944886432396,0.2835819815661528,-5.704894065856934,7.684229850769043,0.9896249771118164
1761085006.22637,2c08d2cc-7a1c-9d34-25ea-6265acb43d72,c8d6355c-4b28-fa14-53da-4fa5c67fd56b,9,-67.0,-78.0,-62.0,-78.0,-3.0771100667479225,-2.0849608542315896,1.6343894178326808,-2.049253722968025,0.315145666937231,0.15558398476654434,0.43837642229327267,0.2245162810262602,-5.682298183441162,7.749769687652588,0.9425674080848694
1761085007.225992,2c08d2cc-7a1c-9d34-25ea-6265acb43d72,0f517d08-4a68-e686-a74b-1722dbce6d8a,3,-64.0,-72.0,-59.0,-66.0,-3.1070834121845463,-2.0676825313952647,1.6785829782258916,-2.042101404386454,0.41688591071882375,0.17059479238223513,0.7386758649701799,0.2241193701552975,-5.644878387451172,7.8015265464782715,0.8890880346298218
1761085009.22552,2c08d2cc-7a1c-9d34-25ea-6265acb43d72,3ec921da-5d46-3849-59f3-4ee2c3b51cb2,18,-73.0,-76.0,-62.0,-70.0,-3.1239369608270033,-2.0762946617283626,1.6876622270141897,-2.067427134246726,0.3528072921248046,0.2056472853603444,0.7790123025776018,0.2172229480649692,-5.531362533569336,7.883359909057617,0.4608665108680725
1761085010.226033,2c08d2cc-7a1c-9d34-25ea-6265acb43d72,2de195c6-5f3c-5d6e-8b4f-22145781583a,11,-69.0,-78.0,-65.0,-74.0,-3.1180878601248625,-1.9702260155165778,1.667236846717718,-2.068156574069299,0.40485308312357327,0.17885360446246387,0.6034185737369631,0.2079846752700797,-5.4642133712768555,7.913506507873535,0.44676363468170166
1761085011.221195,2c08d2cc-7a1c-9d34-25ea-6265acb43d72,606deccc-83da-4dad-c093-ccc067e902e5,10,-68.0,-79.0,-64.0,-69.0,-3.0754405310605524,-1.9983290229196393,1.6809915411157592,-2.0657223116749117,0.4217301674521643,0.18071633584216298,0.5882583294946052,0.19756067993410287,-5.40361785888672,7.94974946975708,0.448959767818451
1761085012.227342,2c08d2cc-7a1c-9d34-25ea-6265acb43d72,d79da7e9-e821-38cb-fd4f-f1a579a88ad6,10,-63.0,-72.0,-53.0,-70.0,-3.020754914920756,-1.8484933215632195,1.7148147522242014,-2.104638152577858,0.2426727645872821,0.21067884554210153,0.7489967460377003,0.20644746539937234,-5.358853340148926,7.990829944610596,0.4925164580345154
1761085014.226868,2c08d2cc-7a1c-9d34-25ea-6265acb43d72,db6da456-37b0-4148-a1ed-a428d6e00906,4,-69.0,-85.0,-61.0,-71.0,-3.137318013724107,-2.012481726742593,1.6789089491433173,-2.186270964207621,0.23604344090953192,0.25125844640180445,0.6501511253344282,0.2115169423371495,-5.309926509857178,8.00203609466553,0.6141961216926575
1761085015.225204,2c08d2cc-7a1c-9d34-25ea-6265acb43d72,ca1537b6-f03b-fca7-419a-62d3bd79a6f6,32,-68.0,-83.0,-61.0,-72.0,-3.118899058992901,-2.0205859922558127,1.608481654116172,-2.201964173563131,0.24274558539833893,0.1903040320168277,0.5354893903913391,0.19896313385365222,-5.295616626739502,7.979111194610596,0.6222171783447266
1761085016.227061,2c08d2cc-7a1c-9d34-25ea-6265acb43d72,812982da-c65e-08ee-bd21-0701804dbeec,6,-65.0,-70.0,-57.0,-69.0,3.130970369265903,-1.9759096007569705,1.6292314074334153,-2.2068635910205496,0.29215276632332754,0.3598506208387644,0.5709975835214747,0.27336779338980377,-5.286469459533691,7.950231552124023,0.683694899082184
1761085018.227572,2c08d2cc-7a1c-9d34-25ea-6265acb43d72,eafe0280-9347-bfac-b151-1eb964cc922d,26,-69.0,-88.0,-60.0,-73.0,3.109838718648342,-2.2758245495514973,1.5823118353483994,-2.4242821982018556,0.32370170443986945,0.43917720154354595,0.6376298739952572,0.28813904966544185,-5.36752986907959,7.892771244049072,0.6674051880836487
1761085019.226468,2c08d2cc-7a1c-9d34-25ea-6265acb43d72,9a5b86c2-5233-5e71-4712-2ddc51472f97,9,-63.0,-80.0,-59.0,-83.0,-3.1342934616741043,-2.1859323432750175,1.6181510594020314,-2.1740836732691458,0.4081647572286004,0.32830933931035644,0.6773955296020479,0.43258904034939427,-5.427115440368652,7.87701416015625,0.907872974872589
1761085020.228142,2c08d2cc-7a1c-9d34-25ea-6265acb43d72,b2f75954-a82e-29f1-9b2c-10a3991ef375,0,-69.0,-86.0,-58.0,-70.0,-3.0891872359753227,-2.187499214102366,1.6309768432118532,-2.071344377894124,0.3736668342579865,0.32021086617250727,0.8257916592312251,0.5576628696273389,-5.493908882141113,7.877581596374512,0.8402960896492004
1761085021.227908,2c08d2cc-7a1c-9d34-25ea-6265acb43d72,79be5fc4-79ce-3fc0-e688-e4bada25d210,15,-63.0,-78.0,-57.0,-85.0,-3.06689657765136,-2.1834778408563458,1.6165702069789607,-2.061249266308015,0.2695744366673653,0.3477915943962902,0.7036704100748241,0.7083858031009184,-5.559640884399414,7.870590686798096,0.7561672925949097
1761085023.22535,2c08d2cc-7a1c-9d34-25ea-6265acb43d72,1f56df61-a969-757a-f88e-1ffd8a4ed64d,25,-75.0,-80.0,-67.0,-80.0,3.0446903415339523,-2.2113837743387412,1.6340927416872457,-2.057687687824197,0.20582997821112384,0.3595668943141301,0.62225471265293,0.6245906378240657,-5.63256597518921,7.808993816375732,0.581084966659546
1761085024.227947,2c08d2cc-7a1c-9d34-25ea-6265acb43d72,43794109-c70f-04d9-ae19-6c32ad54599a,28,-68.0,-90.0,-57.0,-82.0,3.0587907142414856,-2.161726472653124,1.550235657915049,-2.1203232392920435,0.18887651109351797,0.4000602586887849,0.6300641662334783,0.6133421777488708,-5.657026290893555,7.773536682128906,0.5022058486938477
1761085025.227643,2c08d2cc-7a1c-9d34-25ea-6265acb43d72,b006501d-99e4-79dc-60cf-26228ef69428,3,-66.0,-88.0,-62.0,-70.0,3.0450860872719376,-2.122487190835787,1.58845361745434,-2.018504465547807,0.2449586889089516,0.3574814061540027,0.7366506641192291,0.5723186445802084,-5.67084789276123,7.760811805725098,0.42502298951148987
1761085027.227043,2c08d2cc-7a1c-9d34-25ea-6265acb43d72,c672db3d-bcc2-a7a6-c3a1-b37bb90c33ff,19,-72.0,-80.0,-55.0,-69.0,3.1118201104993615,-2.158409771831539,1.5945890079736647,-2.0073105336959314,0.3139170841473502,0.2764608053245786,0.8631781132991663,0.3740329856183588,-5.634851455688477,7.737469673156738,0.3876456618309021
1761085028.226489,2c08d2cc-7a1c-9d34-25ea-6265acb43d72,ddfc1536-b43e-1f66-8cc5-1ab6db7eeb55,35,-86.0,-75.0,-59.0,-75.0,3.1410658803261753,-2.13815949437674,1.5436512584359368,-1.9939855403397746,0.3347708339051612,0.2662505619555942,0.8590368312250658,0.20398507336597144,-5.57972526550293,7.744048595428467,0.49480149149894714
1761085029.224538,2c08d2cc-7a1c-9d34-25ea-6265acb43d72,c77089ad-7b7c-5b81-484a-ebae789f519d,14,-79.0,-76.0,-55.0,-71.0,-3.103152586415589,-2.0573064563141523,1.7110144213486587,-2.047532521955507,0.4064375308141159,0.2505788409811299,0.9401650404072858,0.30413532675300287,-5.523029327392578,7.75138235092163,0.308905839920044
1761085031.22712,2c08d2cc-7a1c-9d34-25ea-6265acb43d72,cc56d7b4-8624-bc3d-1770-efcedb0c537c,21,-76.0,-81.0,-58.0,-67.0,3.1276776368941293,-2.3146361276977676,1.717584439757884,-2.1684165996275118,0.36710463888446315,0.29852657633924146,0.762088379903339,0.3897074196881836,-5.444016933441162,7.73317003250122,0.23993390798568726
1761085032.223914,2c08d2cc-7a1c-9d34-25ea-6265acb43d72,fa058222-4184-2bb7-1a62-dc2f97bdd20a,24,-71.0,-81.0,-60.0,-76.0,-3.109984926192188,-2.2758911285787495,1.6702749808892805,-2.096397533216826,0.40998116625008896,0.3318418560487784,0.862283690647063,0.2750146256288815,-5.413483142852783,7.72703981399536,0.19094908237457275
1761085033.227444,2c08d2cc-7a1c-9d34-25ea-6265acb43d72,2cad6f14-c55e-8f7a-e5af-034cae959f48,34,-74.0,-78.0,-62.0,-81.0,-3.063013688782024,-2.1310018494729883,1.678385371673008,-2.175479036522293,0.30383951613492227,0.2156566598041095,0.9723000071216998,0.3353542326314567,-5.387993812561035,7.766127109527588,0.20798152685165405
1761085034.227271,2c08d2cc-7a1c-9d34-25ea-6265acb43d72,54c76c56-d410-f7f3-64ad-0c383be69c5a,30,-74.0,-81.0,-68.0,-84.0,3.0706865221986517,-2.018493946061501,1.694527323672196,-2.1388388667708194,0.3302411963650999,0.285811413583199,0.9577107446170549,0.3285423659057384,-5.36723804473877,7.81873321533203,0.24226993322372437
1761085036.221611,2c08d2cc-7a1c-9d34-25ea-6265acb43d72,db9f269d-f88e-457a-be12-fc7704d49a98,1,-66.0,-81.0,-58.0,-68.0,3.0747973776572977,-2.097603412558414,1.6214501833604216,-2.082050019160133,0.3718636411734074,0.07788111673362737,0.838626764104862,0.20662345041315613,-5.340205192565918,7.824537754058838,0.27153146266937256
1761085037.226314,2c08d2cc-7a1c-9d34-25ea-6265acb43d72,29417a68-eed8-25a6-2767-2d55e0909992,26,-82.0,-74.0,-54.0,-75.0,3.046441636266788,-1.9399029970288268,1.5068138816057428,-2.129154814098964,0.31233809593704226,0.09011026091310875,0.8863796392949638,0.23676234460104198,-5.338173866271973,7.81861400604248,0.3338395953178406
1761085038.227313,2c08d2cc-7a1c-9d34-25ea-6265acb43d72,3846336a-7535-c0a7-4b4c-56bfc042e92e,11,-69.0,-72.0,-56.0,-69.0,3.1226820793213586,-1.9351804134677892,1.518880664504892,-2.1085187777602674,0.3704671793663108,0.09934909130735148,0.834698601496995,0.19647239579939882,-5.349822521209717,7.815061569213867,0.3834006190299988
1761085040.227829,2c08d2cc-7a1c-9d34-25ea-6265acb43d72,45881f12-104e-8f20-b07e-4aa666f2e88b,9,-66.0,-77.0,-57.0,-75.0,3.1081710471737347,-2.028099435481199,1.4958704200543893,-2.2690675772337485,0.3244856059067343,0.09106552847374176,0.854286950262855,0.157731757606666,-5.4430251121521,7.736286640167236,0.886739730834961
1761085041.223359,2c08d2cc-7a1c-9d34-25ea-6265acb43d72,470417b0-34c8-92e5-643c-1cb6ce979877,15,-67.0,-84.0,-58.0,-72.0,3.094771085832892,-2.0494545253142173,1.470487831704844,-2.2429089437425542,0.27718863060574045,0.069150484054399,0.76917771472513,0.15298969968015724,-5.474684238433838,7.70807933807373,1.0363006591796875
1761085042.23006,2c08d2cc-7a1c-9d34-25ea-6265acb43d72,cd6a61ab-b1c5-9a76-2d6c-7c18cacf8af6,2,-63.0,-72.0,-63.0,-73.0,3.1236749057757396,-2.006060445880248,1.5227513028332131,-2.219072453563854,0.30180809014492344,0.09709090547291083,0.6570751444315525,0.17682539091052998,-5.505938529968262,7.6814422607421875,1.177160382270813
1761085043.226805,2c08d2cc-7a1c-9d34-25ea-6265acb43d72,1f612a6a-4548-9804-bb42-68bb43cdb1b4,15,-68.0,-86.0,-61.0,-71.0,-3.1201131941338685,-2.0067832278000957,1.5324308281312151,-2.1206602623279927,0.1976461840498512,0.14228449117782485,0.8266382115627339,0.15874517362522522,-5.498435020446777,7.65764284133911,1.269363284111023
1761085045.228222,2c08d2cc-7a1c-9d34-25ea-6265acb43d72,bf8cf6fd-4472-12d0-3698-42b9d97479ce,31,-74.0,-78.0,-62.0,-76.0,-3.111029151655608,-2.0215081117832527,1.5715691761432378,-2.034588760109395,0.14681600957540603,0.14240498257239417,0.8109190363865958,0.16603191526281827,-5.444050312042236,7.646414756774902,1.40174663066864
1761085046.22773,2c08d2cc-7a1c-9d34-25ea-6265acb43d72,a8809cce-f2e1-461a-0007-1778a3907f3a,31,-71.0,-78.0,-60.0,-77.0,-3.1294076263382444,-2.033215900567459,1.601597382698317,-2.0273399019383085,0.13986669044792602,0.15759846639410752,0.7652742529363735,0.18252227531161616,-5.40346097946167,7.6688432693481445,1.0957138538360596
1761085047.227906,2c08d2cc-7a1c-9d34-25ea-6265acb43d72,ca0877d5-9236-ca5e-9d72-9dc7c866797e,20,-75.0,-84.0,-58.0,-79.0,3.1381252178505097,-2.090884789760362,1.5680372919055745,-2.1681066076766267,0.17775090596835977,0.23753975461274976,0.9497855766871426,0.1804212409486254,-5.38345193862915,7.693993091583252,1.0765602588653564
1761085049.228105,2c08d2cc-7a1c-9d34-25ea-6265acb43d72,e986a68e-a1ca-9e7c-22e6-9e62489527e5,23,-73.0,-92.0,-65.0,-75.0,-3.0276301315909047,-2.0951421190789628,1.6152370285372668,-2.1123461397208745,0.1866367759720045,0.19789638803426415,0.8202220572854881,0.1745302287488292,-5.3253631591796875,7.794373989105225,1.0835461616516113
1761085050.228305,2c08d2cc-7a1c-9d34-25ea-6265acb43d72,a9a54368-e9ce-2973-c2a4-3df3c7550723,21,-68.0,-70.0,-62.0,-82.0,-3.0360100342769476,-2.1241896165626204,1.6387910904823637,-2.0949090924835807,0.17375664703118848,0.2225039465723259,0.7332334955455213,0.19899545797138304,-5.284470558166504,7.8658905029296875,1.01606559753418
1761085051.224454,2c08d2cc-7a1c-9d34-25ea-6265acb43d72,00ac7cd5-ec22-4344-cffe-eda25725dcf3,11,-68.0,-79.0,-59.0,-66.0,-3.075677818713678,-2.133071391956089,1.6745173965057767,-2.0600837338569415,0.18715531008099975,0.21606906694366512,0.7169921410586457,0.2564081011331498,-5.246596813201904,7.9273099899292,0.978831112384796
1761085052.227656,2c08d2cc-7a1c-9d34-25ea-6265acb43d72,d882cbd7-0059-e718-2a16-caeb379986e8,3,-65.0,-68.0,-57.0,-68.0,-3.123969185076194,-2.260516965921831,1.6552728618366461,-1.9648241927195158,0.21950675850252344,0.2569240885943527,0.6778304903870852,0.48596874215915636,-5.199942111968994,7.964115142822266,0.9765118956565857
1761085054.227603,2c08d2cc-7a1c-9d34-25ea-6265acb43d72,cf9678af-023e-27f0-f8fe-040f15badd2f,1,-71.0,-79.0,-56.0,-72.0,-3.093619801293651,-2.174501656402234,1.6302620507752759,-1.913765402510244,0.18833485741730946,0.32188502910227196,0.6595389679140393,0.38198711542512565,-5.153149127960205,7.996641159057617,0.8212741017341614
1761085055.227057,2c08d2cc-7a1c-9d34-25ea-6265acb43d72,c46157a8-a718-d8df-b35c-a605827e5e5a,30,-71.0,-76.0,-62.0,-72.0,2.990174901387812,-2.0982235296182385,1.6368331344489373,-2.041423496730974,0.09809848750420708,0.3278766755017595,0.698558472362417,0.19821786486735035,-5.1357197761535645,7.976428508758545,0.751404643058777
1761085056.228839,2c08d2cc-7a1c-9d34-25ea-6265acb43d72,e5756744-05ae-9d26-8766-8d67407ddfd2,8,-64.0,-85.0,-62.0,-76.0,-3.0507141456036018,-1.972452151871775,1.6314887027733662,-2.0227784396232207,0.16409568063703298,0.24434391481606363,0.7857267308969368,0.18467762151608771,-5.132750511169434,7.9711761474609375,1.1515389680862427
1761085058.227297,2c08d2cc-7a1c-9d34-25ea-6265acb43d72,658ab6d3-751e-8d75-02be-824b1810bf52,2,-70.0,-79.0,-57.0,-74.0,-3.048527690348647,-1.9171935566234484,1.593129595696301,-2.1532881135811532,0.20166541012224198,0.23458459455390013,0.6537956612862017,0.19054271782952606,-5.1071195602417,7.979346752166748,1.147124171257019
1761085059.257978,2c08d2cc-7a1c-9d34-25ea-6265acb43d72,111c55a6-cc99-6766-ac3c-0e6dff6908ff,21,-74.0,-77.0,-59.0,-73.0,-3.0509050942537606,-1.9667468618684985,1.604732455933558,-1.9128463456180578,0.1647380850262305,0.1714422102410983,0.6302765533304121,0.15446875277056,-5.081330299377441,7.968034267425537,1.1119592189788818
1761085060.22746,2c08d2cc-7a1c-9d34-25ea-6265acb43d72,94caba2e-df01-39fd-568b-700eb382ae54,25,-68.0,-85.0,-61.0,-77.0,-3.067646257498217,-2.1446751842997283,1.5746648345943457,-1.9342373881257922,0.19216935997858964,0.23361375582326857,0.7203543153558434,0.2762161273994276,-5.045823097229004,7.95236873626709,1.1730189323425293
1761085062.228393,2c08d2cc-7a1c-9d34-25ea-6265acb43d72,de102926-5ee6-7464-8deb-01d52b062328,12,-68.0,-84.0,-59.0,-74.0,-3.1220575680457348,-2.105156403725988,1.5395537187827408,-2.059489049985527,0.20544808091080646,0.12288347082751691,0.6909632035125383,0.2563777410967229,-4.987157344818115,7.939861297607422,1.1849615573883057
1761085063.226288,2c08d2cc-7a1c-9d34-25ea-6265acb43d72,50243712-11a0-dfc7-8254-a37522a83371,27,-69.0,-78.0,-60.0,-72.0,3.1112416719105958,-2.1683806469527958,1.50571133291445,-2.1281834260913577,0.1953897043029839,0.1762632475386847,0.8373391922968361,0.29376191483298064,-4.971983432769775,7.936474800109863,1.2273098230361938
1761085064.229294,2c08d2cc-7a1c-9d34-25ea-6265acb43d72,92be8286-148f-045f-7793-7cfdb433497c,11,-69.0,-77.0,-57.0,-77.0,-3.1198098600857076,-2.180775398140188,1.567376827955235,-2.1664639699162658,0.26006828315632746,0.18350451570066464,0.6724011704517677,0.2643549904707031,-4.985706329345703,7.92992639541626,1.2216763496398926
1761085065.228314,2c08d2cc-7a1c-9d34-25ea-6265acb43d72,88e1707c-0fe0-d37f-6cfb-739f045c65a4,7,-68.0,-78.0,-62.0,NaN,3.129349569426481,-2.0894900922974875,1.5799618620025133,NaN,0.25742050182154347,0.271844148995899,0.8501535910929975,NaN,-5.049968719482422,7.947791576385498,1.237773060798645
1761085067.226773,2c08d2cc-7a1c-9d34-25ea-6265acb43d72,4338542e-38b3-de32-6f5d-c03313faad84,24,-79.0,-81.0,-53.0,NaN,3.135063647861355,-2.14449608671642,1.4259379403577803,NaN,0.21761586419429674,0.12732157052748513,0.9877352893256355,NaN,-5.197701454162598,7.935550689697266,1.20473849773407
1761085068.228187,2c08d2cc-7a1c-9d34-25ea-6265acb43d72,843ce0fa-4f6b-7981-6394-a6df33e44c29,1,-69.0,-86.0,-55.0,NaN,3.1221324028723663,-2.0963450689433514,1.4521279991498377,NaN,0.135449846102408,0.11688887830607352,0.9446374199839105,NaN,-5.2647247314453125,7.915085315704346,1.2391103506088257
1761085069.22614,2c08d2cc-7a1c-9d34-25ea-6265acb43d72,fc7506a1-d42f-aa40-ecba-d6642f19befa,4,-70.0,-75.0,-58.0,-76.0,3.054745905177873,-2.1249925596312793,1.552766193582842,-2.0305037373133223,0.18343896864833506,0.14283543262833506,0.9082064415360624,0.23142726727879986,NaN,NaN,NaN
1761085071.223376,2c08d2cc-7a1c-9d34-25ea-6265acb43d72,78c78826-f763-f1df-42d9-6d2fe71a4015,33,-77.0,-86.0,-61.0,-73.0,3.1369667427763255,-2.1145272686536494,1.6354323117155556,-2.052977088488065,0.20089976795360104,0.10912121970988256,0.7806374300537954,0.25011029107684407,-5.391430377960205,7.837700843811035,1.2978088855743408
1761085072.229495,2c08d2cc-7a1c-9d34-25ea-6265acb43d72,ac8650ab-31a1-e889-c233-f0142a95e0d6,3,-65.0,-72.0,-49.0,-67.0,-3.130283273704663,-2.189824952682332,1.6714089548814361,-2.0751495024596287,0.22295217322854302,0.10041493830987161,0.6964678243276775,0.22480911223287123,-5.439112663269043,7.812469482421875,1.3332421779632568
1761085073.259536,2c08d2cc-7a1c-9d34-25ea-6265acb43d72,a352b8f1-cdfb-3332-698b-ff4d73eecc5b,34,-69.0,-81.0,-62.0,-69.0,-3.0916402736553947,-2.195608140147493,1.7286669183181396,-2.0709736658703846,0.1534057020871845,0.16806998251078548,0.7085346738058537,0.21091012443801813,-5.48111867904663,7.8003716468811035,1.3698980808258057
1761085074.224719,2c08d2cc-7a1c-9d34-25ea-6265acb43d72,8144e210-2f2a-d1bb-d60f-78697d5b8ebb,5,-75.0,-79.0,-75.0,-72.0,3.0549424464663213,-2.1463573700022764,1.8577849574484515,-2.1245020053584867,0.14710434669767752,0.24764218989185632,0.9956534664576864,0.2597649158186538,-5.503847122192383,7.769941329956055,1.3895615339279175
1761085076.22576,2c08d2cc-7a1c-9d34-25ea-6265acb43d72,8b7fa300-1248-8081-55ed-b619191ac198,22,-76.0,-74.0,-66.0,-72.0,2.996087119007788,-2.0970296345015567,1.7984705010179887,-2.1621256805005267,0.1305749879836668,0.22307416265122548,0.8517395035221397,0.24571867186027616,-5.483208179473877,7.69420289993286,1.48688280582428
1761085077.227215,2c08d2cc-7a1c-9d34-25ea-6265acb43d72,de0fb5d6-bb71-d943-3501-b10ba9f3bb12,21,-68.0,-72.0,-60.0,-75.0,3.0680052516131595,-2.290663150513201,1.7947191723065028,-2.289594423967752,0.1852075905730135,0.18125932109891651,0.8177684203941706,0.27576833350688756,-5.446802139282227,7.658135890960693,1.5114234685897827
1761085078.22672,2c08d2cc-7a1c-9d34-25ea-6265acb43d72,a2f231c1-936c-2436-f4bd-b19d691daab9,21,-69.0,NaN,-56.0,-71.0,3.0788842646661334,NaN,1.726985931038082,-2.1072484499202995,0.2234214055678582,NaN,0.6628039368314492,0.26925399180920156,-5.4400787353515625,7.625405311584473,1.529047966003418
1761085080.22785,2c08d2cc-7a1c-9d34-25ea-6265acb43d72,eaab8869-5043-33be-0e85-655533f1abb3,16,-69.0,NaN,-56.0,-82.0,3.0616189913191496,NaN,1.684816373073331,-2.0791454425172384,0.23450559853806566,NaN,0.6601400433720701,0.24431580182180646,-5.448355197906494,7.576298236846924,1.5152080059051514
1761085081.229233,2c08d2cc-7a1c-9d34-25ea-6265acb43d72,1350368b-3ee4-8e5a-4260-b993ed21d561,22,-65.0,NaN,-56.0,-74.0,3.073889772357799,NaN,1.6403245386380314,-2.029740475344906,0.2958326890280854,NaN,0.6675672667571649,0.2868886289546224,-5.470585823059082,7.55259084701538,1.5113794803619385
1761085082.226752,2c08d2cc-7a1c-9d34-25ea-6265acb43d72,6ed693d1-a3cb-7c09-a757-774af537d3ec,14,-62.0,NaN,-54.0,-73.0,3.117277460205152,NaN,1.6601741435068278,-2.09398044821147,0.33860984719553766,NaN,0.6022656913010678,0.3303492874158435,-5.4977827072143555,7.528533458709717,1.454086184501648
1761085083.229333,2c08d2cc-7a1c-9d34-25ea-6265acb43d72,db4bb6c4-249c-d817-d4fb-146d2c7bfc92,24,-69.0,NaN,-58.0,-68.0,3.133084919171426,NaN,1.6341193732981467,-2.1286043387016447,0.3048852063369419,NaN,0.7769610027479683,0.3143136954126903,-5.5269775390625,7.5037579536438,1.4024022817611694
1761085085.229268,2c08d2cc-7a1c-9d34-25ea-6265acb43d72,44353f4a-18f5-c07b-b65c-39241f51eb53,27,-69.0,-78.0,-59.0,-72.0,3.025876706329196,2.998953212972931,1.645022887433149,-2.18908725706038,0.31029811454204154,0.9304995632840339,0.8202723244510631,0.22927789654202418,-5.57173204421997,7.48905372619629,1.385653018951416
1761085086.224675,2c08d2cc-7a1c-9d34-25ea-6265acb43d72,0c80b958-8b88-96bc-da7e-45b475c434fa,27,-65.0,-82.0,-60.0,-78.0,3.1183517793888895,2.52078636767473,1.6810304232676745,-2.2302567980358057,0.2484882428806609,0.8232665164646393,0.6920885222311512,0.2631254922191975,-5.616747856140137,7.493511199951172,1.369844675064087
1761085087.228776,2c08d2cc-7a1c-9d34-25ea-6265acb43d72,ca2d00d1-d134-ae6c-1d3f-8b2583bced09,13,-68.0,-80.0,-60.0,-68.0,3.0945772077055342,2.8613705826339118,1.7367634606641986,-2.190599399927327,0.2230176037675749,0.6877389143807794,0.7254729109709759,0.2898090514060033,-5.670637607574463,7.505102157592773,1.3642113208770752
1761085089.226865,2c08d2cc-7a1c-9d34-25ea-6265acb43d72,1fc00b68-9ce3-7b5e-1ee5-94441dd544ec,16,-66.0,-80.0,-62.0,-72.0,3.099480619904588,-2.848551456726815,1.732608396731457,-2.059164676964755,0.2619144030687272,0.3984046713076235,0.6770363357500234,0.37107963983800174,-5.729041576385498,7.529264450073242,1.3270835876464844
1761085090.22832,2c08d2cc-7a1c-9d34-25ea-6265acb43d72,f7bb18c3-13db-2c94-0620-57c090e1fefe,21,-69.0,-79.0,-60.0,-73.0,3.075632544975147,-2.2307173917463348,1.5046918748491676,-2.24196245629114,0.26651557977357077,0.2397679882073054,0.49217300868217306,0.34797232316576576,-5.726893424987793,7.541492462158203,1.2732160091400146
1761085091.229237,2c08d2cc-7a1c-9d34-25ea-6265acb43d72,d5c23725-29ce-4914-ee8a-8303e38b8358,7,-82.0,-80.0,-67.0,-74.0,3.110823022987236,-2.29607788964155,1.6037646631934235,-2.063664886574771,0.26595353627026636,0.308948457791103,0.9022988178689669,0.4031694992614524,-5.727118492126465,7.557825088500977,1.218297004699707
1761085093.225501,2c08d2cc-7a1c-9d34-25ea-6265acb43d72,b014f1ba-4c0a-e278-c98d-7c6b524e96fd,26,-66.0,-93.0,-55.0,-68.0,-3.045426705575359,-2.6961419433348883,1.5653032907304991,-1.9777776751036065,0.33435927564820306,0.5566092565210763,1.0014443770900092,0.3116778983028116,-5.723670959472656,7.597146034240723,1.1981914043426514
1761085094.231871,2c08d2cc-7a1c-9d34-25ea-6265acb43d72,fd53c86d-9d47-2fad-7ca7-12dbeb562720,16,-64.0,-84.0,-61.0,-67.0,3.1306092446220886,-2.902117213628233,1.6142543220950276,-1.9902981274944507,0.20571205010910376,0.6750132654279447,0.7111467687820309,0.22947670151739857,-5.72179365158081,7.60959529876709,1.237574577331543
1761085095.228795,2c08d2cc-7a1c-9d34-25ea-6265acb43d72,ae55af39-ef04-1549-e456-96240881cd2e,26,-63.0,-71.0,-61.0,-69.0,3.088750211240441,-2.8022518685435696,1.6299504609277367,-1.9095453574469043,0.24389885066364095,0.5539536188610765,0.6702498023441744,0.3059499714302692,-5.71851348876953,7.63342523574829,1.2548633813858032
1761085096.223048,2c08d2cc-7a1c-9d34-25ea-6265acb43d72,5ea17278-cd18-30e9-83b9-940234eb5a4a,19,-66.0,-74.0,-59.0,-73.0,3.0496896275322487,-2.448255175386422,1.634805403594951,-1.921276448890649,0.2726805646705088,0.5740268626824127,0.6230442067580839,0.3690797723069204,-5.715087413787842,7.634703636169434,1.264609932899475
1761085098.228179,2c08d2cc-7a1c-9d34-25ea-6265acb43d72,ebc02292-79fb-fc1a-e26f-b4047497d467,6,-64.0,-81.0,-62.0,-86.0,3.069129105593173,-2.418331897378292,1.5674689733289515,-1.981682934526099,0.2915292204435991,0.4689297376362885,0.7310740047966032,0.39773718326990876,-5.705942153930664,7.631860733032227,1.00744891166687
1761085099.228641,2c08d2cc-7a1c-9d34-25ea-6265acb43d72,a5f21795-32a7-e2df-897d-f77f954c377a,16,-70.0,-79.0,-57.0,-70.0,3.1105817405924743,-2.2780371037851355,1.55330361949082,-1.9711413439832381,0.28979660112790717,0.39276825730803894,0.8258572395730682,0.3839760972852514,-5.703457832336426,7.627553462982178,0.8752740621566772
1761085100.2289,2c08d2cc-7a1c-9d34-25ea-6265acb43d72,d1f74858-aec8-70a8-d975-59a8d9282604,0,-66.0,-77.0,-54.0,-76.0,3.1390232357700842,-2.1993974189045127,1.6026466681678082,-2.0805932700438596,0.3286227267916315,0.3680948021777546,0.785843310773655,0.5067375037886802,-5.705965995788574,7.6349945068359375,0.7660831212997437
1761085102.228869,2c08d2cc-7a1c-9d34-25ea-6265acb43d72,d5ffd203-07e3-b19a-a333-8a28c88e5de3,8,-75.0,-75.0,-71.0,-77.0,-3.113663550605914,-2.2204281357167592,1.5765104052297707,-2.150781945837334,0.38153158172066765,0.19031340301491342,0.722973667445991,0.16167436786344655,-5.706758975982666,7.631583213806152,0.7746148705482483
1761085103.227866,2c08d2cc-7a1c-9d34-25ea-6265acb43d72,c79fd8e2-22a1-86e4-2a3d-1ee9239fa68d,4,-67.0,NaN,-60.0,-69.0,-3.1037960061349525,NaN,1.5668074441141757,-2.10425918475474,0.363786373455738,NaN,0.5368949402356558,0.16809946037510126,-5.711111545562744,7.627206802368164,0.7841428518295288
1761085104.226409,2c08d2cc-7a1c-9d34-25ea-6265acb43d72,49746b27-b9fe-ef84-1fde-5ed696cb03e2,18,-69.0,NaN,-62.0,-70.0,-3.0915936683363183,NaN,1.5382588898607445,-2.1081292904508433,0.3249904080913588,NaN,0.6081456180928264,0.17499132180206284,-5.71250820159912,7.624752044677734,0.7581541538238525
1761085105.227181,2c08d2cc-7a1c-9d34-25ea-6265acb43d72,10afde5c-e3c0-f9f7-3b40-efea69d24da1,30,-69.0,NaN,-64.0,-74.0,3.1363371714946306,NaN,1.52351989112381,-2.0840761521174653,0.6110188360138856,NaN,0.7678562541922326,0.1959497005012003,-5.713477611541748,7.629995822906494,0.739276945590973
1761085107.229923,2c08d2cc-7a1c-9d34-25ea-6265acb43d72,780bd154-606f-06d8-c18d-00d73a8e9767,27,-70.0,NaN,-68.0,-66.0,-3.109624067864482,NaN,1.448605169659881,-2.2070875628682254,0.6485542273657895,NaN,0.784760802369565,0.18368820723685286,NaN,NaN,NaN
1761085108.225806,2c08d2cc-7a1c-9d34-25ea-6265acb43d72,9b471723-6d16-6716-f2a3-91ff86183205,32,-67.0,-75.0,-81.0,-72.0,3.1392719750158977,-1.9722327073979524,1.5253803754613393,-2.615531519247607,0.5612231165306113,0.4071191336056081,0.9665618936579878,0.15167479718144425,-5.709741592407227,7.65617036819458,0.6953324675559998
1761085110.226854,2c08d2cc-7a1c-9d34-25ea-6265acb43d72,b826c915-e7f4-2b51-6cbf-83b4de776ac7,10,-69.0,-79.0,-53.0,-72.0,3.090304432052611,-1.7955761775452903,1.5260275236062284,-2.21060559866822,0.38989237622588957,0.3335478104640559,0.8645343280842891,0.15095544408150025,-5.706953048706055,7.688509464263916,0.8279951810836792
1761085111.228938,2c08d2cc-7a1c-9d34-25ea-6265acb43d72,3175441d-f78b-aa31-3d66-fd3d50e5cf82,12,-77.0,-77.0,-54.0,-81.0,3.1082743778240296,-1.8257615106046845,1.5348361952277745,-2.0847001307608712,0.3327261586887392,0.37457101073758203,0.8108489952499268,0.159953999088769,-5.7050042152404785,7.694645404815674,0.9520055055618286
1761085112.22915,2c08d2cc-7a1c-9d34-25ea-6265acb43d72,91a48b36-3f53-c2ba-d906-f30f824276a8,10,-85.0,-76.0,-60.0,-72.0,3.1258443167997187,-1.8692783617649065,1.5582943833736285,-2.0549447650594703,0.3533542388336796,0.3557883014909848,0.7791030497917463,0.20566897347847174,-5.703954696655273,7.70627498626709,0.960443377494812
1761085113.228812,2c08d2cc-7a1c-9d34-25ea-6265acb43d72,e5cacf21-b977-0a7f-85e4-152ee0f2d4d4,18,-68.0,-73.0,-57.0,-73.0,2.973165824137694,-1.9027211403116309,1.577062744839853,-2.06918428793396,0.3658877407138651,0.3818763279237784,0.7481746282091927,0.2624006130599916,-5.703259468078613,7.704063892364502,0.9811322689056396
1761085115.234356,2c08d2cc-7a1c-9d34-25ea-6265acb43d72,0fa59687-e85a-0ba9-24f2-96a442ad1541,14,-69.0,-83.0,-72.0,-73.0,2.879163161876731,-1.9563932904985974,1.48278630961883,-1.9601315697207415,0.30585053565306836,0.35304301517079023,0.8730901325603321,0.21048395208457818,-5.690973281860352,7.662423610687256,1.0327792167663574
1761085116.229226,2c08d2cc-7a1c-9d34-25ea-6265acb43d72,93f31ab9-1c8b-f70d-4a9c-8cee7d7ac8ce,21,-66.0,-78.0,-61.0,NaN,2.942693402312789,-2.0029482758303816,1.5594256942046942,NaN,0.24402568371055594,0.3209992284341979,0.618940608413408,NaN,-5.687054634094238,7.628921031951904,1.0264921188354492
1761085117.227679,2c08d2cc-7a1c-9d34-25ea-6265acb43d72,f2efcfeb-da71-83e2-5ffa-c1268032e9fe,15,-69.0,-72.0,-61.0,NaN,2.994018375473014,-2.004634988906783,1.5917617961604362,NaN,0.33530989099930686,0.29388202339814323,0.6093479021669426,NaN,-5.686389923095703,7.587029933929443,1.0227247476577759
1761085119.228725,2c08d2cc-7a1c-9d34-25ea-6265acb43d72,2a83759f-e1a2-4e21-d8fe-fc5ac1562333,32,-88.0,-75.0,-63.0,NaN,3.0013793527259933,-2.2397211399177293,1.5671691013902087,NaN,0.32575683256357,0.2162214829818017,0.6782448782527013,NaN,-5.69005537033081,7.50883388519287,1.161485195159912
1761085120.228976,2c08d2cc-7a1c-9d34-25ea-6265acb43d72,d37e64d4-b5c0-587e-4b41-b7adb5e3cbf8,2,-67.0,-78.0,-56.0,NaN,3.0156198077068646,-2.1843646734993425,1.5433934644424172,NaN,0.33627701794916914,0.22693013694879438,0.7133635174943855,NaN,NaN,NaN,NaN
1761085121.228265,2c08d2cc-7a1c-9d34-25ea-6265acb43d72,4ddbbeb9-110d-6522-4204-d0b8f04645a5,5,-73.0,-80.0,-63.0,-69.0,2.904248541448623,-2.1287466846619094,1.5455884418128607,-2.0486972554582534,0.38885683932552595,0.20969975101209073,0.7697148743169988,0.41675638122130504,-5.688440322875977,7.45825481414795,1.1711808443069458
1761085122.229594,2c08d2cc-7a1c-9d34-25ea-6265acb43d72,1295a1eb-3d52-0553-7045-69a38012b002,22,-67.0,-74.0,-65.0,-77.0,3.0333436773935603,-2.104800605404353,1.483455828316876,-2.0672436424476195,0.47636265352821333,0.15489495841351358,0.7628185520952114,0.31416802050106296,-5.684324741363525,7.408332347869873,1.1506404876708984
1761085124.226939,2c08d2cc-7a1c-9d34-25ea-6265acb43d72,c08b12cd-6bf4-2373-41ad-c00f1239f759,9,-61.0,-76.0,-55.0,-75.0,3.076151328755494,-2.1562765797983854,1.6096667608012571,-2.126669685327757,0.5058668165597924,0.18602762780691934,0.715275800315117,0.24545050818326197,-5.67282772064209,7.336454391479492,0.8826947212219238
1761085125.22973,2c08d2cc-7a1c-9d34-25ea-6265acb43d72,9f1d0c09-37cb-9f8b-aba6-37a4026d07c1,20,-68.0,-95.0,-60.0,NaN,3.093313804084401,-2.189766629454459,1.6164253310156602,NaN,0.434130311540764,0.22597271389215406,0.5938533646287527,NaN,-5.6768159866333,7.325311183929443,0.8213469982147217
1761085126.22919,2c08d2cc-7a1c-9d34-25ea-6265acb43d72,9579bca1-6765-9721-b191-7f083552c668,31,-70.0,-75.0,-63.0,NaN,3.040304115218591,-2.136600879348771,1.5614933724750317,NaN,0.46886472321617695,0.2336526046856701,0.6065001174342938,NaN,-5.68552589416504,7.32045555114746,0.7353585958480835
1761085128.230221,2c08d2cc-7a1c-9d34-25ea-6265acb43d72,dfc9982f-b6f1-7dbb-0787-3b2deca537e1,22,-68.0,-78.0,-57.0,NaN,3.0004206147335646,-2.084450725724785,1.5917985477834795,NaN,0.3755239563546396,0.20769194393200954,0.7445486012269953,NaN,-5.683085918426514,7.312355995178223,0.6717026829719543
1761085129.230103,2c08d2cc-7a1c-9d34-25ea-6265acb43d72,78cc331f-991d-f597-ffcc-933b1d4789f1,17,-68.0,-83.0,-62.0,NaN,2.9295560286554285,-2.157343974763289,1.5550911332144812,NaN,0.3574028761913589,0.2042816329981086,0.7344798549356782,NaN,NaN,NaN,NaN
1761085130.230125,2c08d2cc-7a1c-9d34-25ea-6265acb43d72,64e50bdd-a203-b29a-54f3-caddc4a7e6a6,2,-76.0,-75.0,-61.0,-69.0,2.938331677079457,-2.0341888864717195,1.5912206418269323,-2.157410686948596,0.3564304562088301,0.4839442403879918,0.5924920232585313,0.2327018561765118,-5.646520614624023,7.301103115081787,0.6876074075698853
1761085132.228041,2c08d2cc-7a1c-9d34-25ea-6265acb43d72,e2dae7ff-fbef-2b10-d3c9-7b7feeb1e805,35,-68.0,-75.0,-60.0,NaN,-3.075477282683595,-2.0594501678336115,1.634437354732302,NaN,0.2642089160849122,0.346375957829345,0.5255815656088901,NaN,-5.61041021347046,7.293752670288086,0.6420425176620483
1761085133.22958,2c08d2cc-7a1c-9d34-25ea-6265acb43d72,335e8766-1b30-4e6b-08f0-1557faadf5e0,17,-72.0,-75.0,-61.0,NaN,-3.056776565509059,-2.136097541902746,1.6316863093262501,NaN,0.3137138849561772,0.5524734672167241,0.4823212101511566,NaN,-5.593572616577148,7.301695823669434,0.5577800273895264
1761085134.228962,2c08d2cc-7a1c-9d34-25ea-6265acb43d72,20691a83-2fcc-edcf-90bb-e2905fa850a9,34,-75.0,-83.0,-71.0,NaN,-3.120279375385889,-2.1481303694979967,1.62865296884465,NaN,0.3704939441352661,0.708489533225377,0.6071816869362722,NaN,-5.5784711837768555,7.305078506469727,0.6138402223587036
1761085135.229536,2c08d2cc-7a1c-9d34-25ea-6265acb43d72,86ff661d-2052-0be9-04d7-8511bcd34bd0,30,-74.0,-79.0,-66.0,-69.0,-3.027379261816219,-2.0583520133581175,1.6313944268707776,-2.1825587839641596,0.3711028093394855,0.359732276617824,0.6561525588509218,0.16862338738530389,NaN,NaN,NaN
1761085137.228599,2c08d2cc-7a1c-9d34-25ea-6265acb43d72,0537b08e-76f6-6d0c-893e-6e3c64b64bfc,0,-70.0,-79.0,-61.0,-75.0,-3.1322135328627523,-2.0527524508501167,1.6324591586745911,-2.1360457434195443,0.3837398083175341,0.1302784449962865,0.4700790913837395,0.16454608775639262,-5.511048316955566,7.31150722503662,0.7085264921188354
1761085138.228066,2c08d2cc-7a1c-9d34-25ea-6265acb43d72,0f6effd6-425b-cd56-cbc8-4f086b23ec19,0,-63.0,-85.0,-63.0,-64.0,-3.1141351964349675,-2.03391098561197,1.5981613722598966,-2.12684864975301,0.3613165578607986,0.13341661415629497,0.47040313150937485,0.18765665015620717,-5.46697998046875,7.321831226348877,0.7666733264923096
1761085139.230389,2c08d2cc-7a1c-9d34-25ea-6265acb43d72,2c8a93d3-a5aa-a9e0-2a91-ea47889fc7b5,23,-66.0,-75.0,-60.0,-80.0,3.0865642886177036,-2.047058479281473,1.630844217789567,-2.0811759696903693,0.36885922927914816,0.15543369925727976,0.5902260726450375,0.22816780777589507,-5.414299964904785,7.3388495445251465,0.815498411655426
1761085141.224155,2c08d2cc-7a1c-9d34-25ea-6265acb43d72,0b5916e9-d0e1-6016-08d2-af333d2eed55,32,-89.0,-76.0,-68.0,NaN,2.9775126356689214,-2.1051249784251245,1.5796934153646334,NaN,0.2563452005971535,0.16020936294779395,0.5882053325889127,NaN,-5.371521472930908,7.373353481292725,0.9036840796470642
1761085142.229691,2c08d2cc-7a1c-9d34-25ea-6265acb43d72,b472b96b-d54d-fa70-dd2e-619d56659af8,5,-62.0,-98.0,-59.0,NaN,2.978772843496747,-2.1230653631084433,1.615673254323822,NaN,0.28614234463815497,0.15814255020481072,0.656346570136334,NaN,-5.38220453262329,7.3954291343688965,0.9609081149101257
1761085143.22951,2c08d2cc-7a1c-9d34-25ea-6265acb43d72,9ed3c496-552c-3093-f6c5-335b9d5fac9c,30,-76.0,-76.0,-63.0,NaN,2.9104680878583946,-2.1403181195983034,1.545767406238114,NaN,0.27516943851199915,0.17100090780371538,0.7173790317860069,NaN,-5.39680051803589,7.407470703125,1.0223809480667114
1761085144.229764,2c08d2cc-7a1c-9d34-25ea-6265acb43d72,7b7d530b-ab58-ff62-e4e8-253679eaca4b,24,-62.0,-82.0,-59.0,NaN,3.0763297605485294,-1.9473421380597995,1.5052980103132698,NaN,0.37152611879475356,0.23592900820644255,0.7257038070374856,NaN,-5.409087657928467,7.417292594909668,1.1250884532928467
1761085146.229698,2c08d2cc-7a1c-9d34-25ea-6265acb43d72,b0a00822-f6bf-b321-9d18-97c6f2ea2b1d,3,-62.0,-81.0,-62.0,-66.0,-3.1048317094828843,-2.017737475153864,1.4869696030591264,-2.2121267962828735,0.36835296235592413,0.08771674488340003,0.6324464304075814,0.46257380408919174,-5.427862644195557,7.42831802368164,1.1929538249969482
1761085147.229554,2c08d2cc-7a1c-9d34-25ea-6265acb43d72,d7549e61-ae7e-8090-5352-0b60f43818b5,2,-67.0,-81.0,-58.0,-67.0,-3.1053816522479853,-2.0337394780377687,1.4914106904929425,-2.1955579395609455,0.4559025855585433,0.13602951640317737,0.6300023143171612,0.40644488779662724,-5.45859146118164,7.43472719192505,1.132314920425415
1761085148.231385,2c08d2cc-7a1c-9d34-25ea-6265acb43d72,25877c0a-bf7f-997e-a144-ecbe01ef681c,1,-62.0,-87.0,-59.0,-65.0,-2.903060771602448,-1.956962541181602,1.4744799101788728,-2.0746835824269194,0.5817277258695127,0.16844695296308618,0.5307696697284735,0.3935715998508614,-5.49710512161255,7.435635566711426,1.0315569639205933
1761085150.230492,2c08d2cc-7a1c-9d34-25ea-6265acb43d72,c658b05c-4125-1a9d-0b97-05dee964f132,23,-68.0,-79.0,-59.0,-69.0,-3.004467021693831,-2.0833601612583976,1.5023179330534713,-2.063869949978707,0.41914986396150017,0.20076544476612015,0.5854847137983149,0.33411473088110655,-5.595470905303955,7.422876834869385,0.7335014939308167
1761085151.223925,2c08d2cc-7a1c-9d34-25ea-6265acb43d72,7bec88e2-a638-2748-a97f-165d56fcfc7e,8,-64.0,-73.0,-62.0,-77.0,-3.022667064583433,-2.0165952453623293,1.5176087387682702,-2.072734547983145,0.38406800963237264,0.25352459675238015,0.598011757512857,0.3418125980119806,-5.639599800109863,7.435962677001953,0.641426146030426
1761085152.237432,2c08d2cc-7a1c-9d34-25ea-6265acb43d72,c2b456d5-4a2e-45e9-fe0e-bd369c76ed3d,12,NaN,NaN,-60.0,NaN,NaN,NaN,1.5235875354154977,NaN,NaN,NaN,0.45574462681638794,NaN,NaN,NaN,NaN
1761085153.230045,2c08d2cc-7a1c-9d34-25ea-6265acb43d72,2ea92bc5-cb94-b136-6b8d-2c78e6f3af6f,28,-66.0,-79.0,-61.0,-74.0,-3.04270175914799,-2.0005243997642457,1.521836240682662,-2.0105004680496283,0.3917141448590719,0.21836918924289608,0.611417111754907,0.34746808690287284,-5.6331048011779785,7.467804908752441,0.5480787754058838
1761085155.229567,2c08d2cc-7a1c-9d34-25ea-6265acb43d72,e67cecd1-7427-fc72-931f-ae040c92c22d,36,-67.0,-82.0,-62.0,-87.0,3.053767992425596,-1.9979455277226679,1.5134749801242489,-2.018957602407284,0.2819637450192798,0.3136025981121255,0.5504223671241724,0.31116993361439255,-5.52931785583496,7.55240821838379,0.498958706855774
1761085156.229189,2c08d2cc-7a1c-9d34-25ea-6265acb43d72,6536d940-e46d-f5be-8971-8dc197725833,14,-69.0,-86.0,-57.0,-72.0,-3.121450899949415,-2.053802535267935,1.5389779433550659,-2.1786002613198656,0.29519263154959846,0.2632570690218043,0.613198500208061,0.3322244857183956,-5.469007968902588,7.59611701965332,0.47649383544921875
1761085157.230677,2c08d2cc-7a1c-9d34-25ea-6265acb43d72,8b2d64c3-10c1-d31b-2c7c-f5b74f4b98bd,0,-72.0,-79.0,-62.0,-75.0,3.135968589999764,-2.071181126119302,1.5553787546122098,-2.128208060331441,0.2989318095886106,0.21541883951876545,0.850449668027187,0.37769679619852164,-5.404413223266602,7.644667625427246,0.5007296204566956
1761085159.230481,2c08d2cc-7a1c-9d34-25ea-6265acb43d72,aa596cfa-f780-cee1-730f-626d2726e07f,8,-67.0,-80.0,-61.0,-77.0,-3.0912708932122013,-2.0660295073066526,1.5059952258866525,-2.0576449440887012,0.234311354226058,0.2786177494257042,0.7340576107448462,0.26935728916998297,-5.273280143737793,7.733669757843018,0.3995470702648163
1761085160.231086,2c08d2cc-7a1c-9d34-25ea-6265acb43d72,94d42e6e-e8fc-e817-2eb1-09ce3c412db1,32,-75.0,-85.0,-64.0,-69.0,3.1284680631056645,-2.17411216909281,1.5299508925241332,-2.0944724672228623,0.20787400428203007,0.32399019136495233,0.811548674247318,0.2759519085297781,-5.211695194244385,7.773022651672363,0.4843122661113739
1761085161.229522,2c08d2cc-7a1c-9d34-25ea-6265acb43d72,f54f0350-47a1-6daf-7cd9-91eaaadc6091,3,-70.0,-78.0,-61.0,-75.0,3.103448197296588,-2.1052493480480314,1.5023147372601628,-1.9897491168357309,0.1990828928789217,0.34787701528825454,0.8277347015625469,0.37196297708206744,-5.149351596832275,7.79828405380249,0.5005037784576416
1761085163.232291,2c08d2cc-7a1c-9d34-25ea-6265acb43d72,f4ff0419-135a-d846-4cb6-02a2d6ba55b2,11,-65.0,-80.0,-64.0,-71.0,3.0937697372630226,-2.1269647635765376,1.5830234319916685,-2.050375046945003,0.1784791973027124,0.19814392885758703,0.786701248118824,0.39647883965484637,-5.054213523864746,7.7926435470581055,0.6419116854667664
1761085164.228752,2c08d2cc-7a1c-9d34-25ea-6265acb43d72,4bb83dce-4ef8-843b-c81a-1fad9c2867b7,6,-81.0,-82.0,-74.0,-78.0,3.0535240468697444,-2.1600352322028686,1.614943015552922,-2.1914091340567654,0.1786369230182723,0.1484379079687779,0.7767341014230935,0.39768551794476126,-5.036123275756836,7.755430698394775,0.6893895864486694
1761085165.231463,2c08d2cc-7a1c-9d34-25ea-6265acb43d72,fb9b5aae-5017-4409-8635-41886e803f2c,2,-68.0,-78.0,-60.0,-69.0,-3.044380349583067,-2.1196011231624685,1.6930961409023875,-2.195772856660915,0.23982333202370865,0.15562366586678653,0.7783217449069443,0.3847217158114463,-5.0445942878723145,7.773301124572754,0.6833322644233704
1761085166.224461,2c08d2cc-7a1c-9d34-25ea-6265acb43d72,b6c224ad-4120-45de-c181-dd4c823fb72b,3,-78.0,-84.0,-66.0,-74.0,3.127442746085984,-2.1525052773787245,1.70191919359382,-2.233414641298367,0.29116346855739034,0.3011455289552254,0.83466844119765,0.31907462849342494,-5.059764862060547,7.78153371810913,0.682551681995392
1761085168.230065,2c08d2cc-7a1c-9d34-25ea-6265acb43d72,44b535ed-ff61-c383-76d9-cfcc5cb96c1f,34,-70.0,-79.0,-65.0,-80.0,3.1098855902835276,-2.071520412842178,1.587418713054735,-2.3334199354983145,0.26371053877641754,0.24580266130315453,0.769723130116378,0.22207214829108315,-5.100191593170166,7.76214075088501,0.7082314491271973
1761085169.230079,2c08d2cc-7a1c-9d34-25ea-6265acb43d72,06f46016-3175-0b37-92e3-743210b97a63,6,-68.0,-84.0,-73.0,-73.0,3.0788869278272233,-2.0191988848020452,1.5575172729675435,-2.172333310642691,0.2894356762211742,0.2221563541158001,0.8398601405847049,0.19829494673615133,-5.113897323608398,7.7334208488464355,0.9703996777534485
1761085170.230159,2c08d2cc-7a1c-9d34-25ea-6265acb43d72,fbcd4afd-c0f9-395a-d864-0ed2165f9312,20,-78.0,-86.0,-64.0,-78.0,3.125259486624337,-2.0539837633801152,1.5832023964169217,-2.0950596942432247,0.2020639521793723,0.1824295973056814,0.9148030249771615,0.22131256481392214,-5.12141466140747,7.714905261993408,1.009485125541687
1761085172.230543,2c08d2cc-7a1c-9d34-25ea-6265acb43d72,0ac98a7e-7663-f095-3516-85dd56d0b95b,8,-69.0,NaN,-57.0,-69.0,-3.109870410265314,NaN,1.5555731653717857,-2.1196370758371845,0.2334591926115031,NaN,0.7947913988782667,0.20550945012917599,-5.206523418426514,7.73090696334839,1.2434194087982178
1761085173.229711,2c08d2cc-7a1c-9d34-25ea-6265acb43d72,3a32599e-d6a0-5953-e94d-359e4a455c05,5,-77.0,NaN,-54.0,-69.0,3.127856068687164,NaN,1.635977727106804,-2.0474913761166653,0.2181113786046196,NaN,0.7113901151266367,0.2273692256335212,-5.2613654136657715,7.744845390319824,1.2956998348236084
1761085174.229791,2c08d2cc-7a1c-9d34-25ea-6265acb43d72,afcd68a9-71ac-3f5c-fdc9-c630f1b22e1e,1,-68.0,NaN,-54.0,-68.0,-3.08338980059833,NaN,1.7700551048190611,-1.9643343042369956,0.33531305350310137,NaN,0.7306315871605138,0.22797927261547427,-5.31118392944336,7.78255796432495,1.2900127172470093
1761085175.231057,2c08d2cc-7a1c-9d34-25ea-6265acb43d72,17ff7cee-831a-d55c-067d-17bce3e7fee0,25,-71.0,-73.0,-60.0,-84.0,3.1385545194182307,-2.0555417126178117,1.648038118419337,-2.037707721220041,0.23665435341883928,0.15763764815164533,0.7683779674497793,0.2638974760401843,-5.355018138885498,7.788743019104004,1.3330790996551514
1761085177.230874,2c08d2cc-7a1c-9d34-25ea-6265acb43d72,637eb205-ae38-947f-a5e8-662e4750ed41,0,-69.0,-79.0,-54.0,NaN,3.1008106025529734,-2.023742370779775,1.640219077458864,NaN,0.23554651169487992,0.15046763619358183,0.6949160669395156,NaN,-5.422779083251953,7.776427745819092,1.4364573955535889
1761085178.228047,2c08d2cc-7a1c-9d34-25ea-6265acb43d72,522d9ffb-b274-2f10-1cab-738ee2c89bf5,0,-73.0,-71.0,-60.0,NaN,3.1352628523108925,-2.059665084933581,1.7746250892496371,NaN,0.2561881240271093,0.15710361777405715,0.7942234131967802,NaN,-5.4465155601501465,7.780176162719727,1.4623432159423828
1761085179.228126,2c08d2cc-7a1c-9d34-25ea-6265acb43d72,4004c9dc-cf98-1ce8-b34f-bb0a5526419a,2,-63.0,-75.0,-58.0,NaN,3.1149317479170096,-2.0607519209744423,1.7237246239671706,NaN,0.33050837800146216,0.17723743186543567,0.7725834317061506,NaN,-5.467437267303467,7.789193153381348,1.4523413181304932
1761085181.225933,2c08d2cc-7a1c-9d34-25ea-6265acb43d72,5a80fcf3-f070-2c69-f08c-bc66975e96d5,30,-72.0,-75.0,-66.0,-70.0,-3.139137485380849,-2.1317456703654476,1.6162687371435636,-2.2456354880665774,0.37167046212583577,0.1826677005518913,0.5498666319837,0.2663312058023532,-5.490593433380127,7.804483890533447,1.3964123725891113
