numObj,x,y,z,timestamp
2,"[2.88457, 2.95492]","[-0.161387, -0.162718]","[0.235557, 0.267249]",14/10/2024 19:45:15
12,"[3.02528, 3.09563, 3.16599, 3.23635, 3.02528, 3.09563, 3.16599, 3.23635, 3.09563, 3.16599, 0.844264, 0.844264]","[-0.189049, -0.189798, -0.190225, -0.191929, -0.220725, -0.190394, -0.190975, -0.192729, -0.191166, -0.192026, -1.19065, -1.15661]","[0.0672728, 0.110957, 0.129354, 0.184938, 0.0413456, 0.13595, 0.156373, 0.205695, 0.162526, 0.187594, -0.219894, -0.141846]",14/10/2024 19:45:16
10,"[4.08061, 4.15097, 4.22132, 4.08061, 4.15097, 4.22132, 4.01025, 4.15097, 4.22132, 4.43239]","[-0.130464, -0.129863, -0.129423, -0.0999266, -0.0994818, -0.100089, -0.169938, -0.232846, -0.20329, -0.188664]","[0.280764, 0.264335, 0.251554, 0.348894, 0.33643, 0.35331, 0.392667, 0.323883, 0.379879, 0.0222554]",14/10/2024 19:45:18
10,"[4.50274, 4.5731, 4.64345, 4.29168, 4.43239, 4.50274, 4.5731, 4.64345, 4.71381, 4.71381]","[-0.162128, -0.227912, -0.265237, -0.16831, -0.166051, -0.163536, -0.23046, -0.269048, -0.308068, 0.739405]","[0.253734, 0.253028, 0.305497, 0.368852, 0.332234, 0.284797, 0.292093, 0.346679, 0.38299, -0.734738]",14/10/2024 19:45:19
21,"[4.85452, 4.85452, 4.50274, 4.43239, 4.50274, 4.5731, 4.43239, 4.50274, 4.5731, 4.29168, 4.36203, 4.43239, 4.29168, 4.36203, 4.43239, 4.43239, 4.50274, 4.78416, 4.78416, 4.85452, 4.85452]","[-0.388347, 0.543101, -0.274584, -0.239287, -0.240479, -0.23824, -0.203063, -0.243127, -0.239405, -0.161655, -0.164957, -0.173903, -0.16457, -0.167893, -0.127745, -1.081, -0.158461, -0.355106, 0.590569, -0.386942, 0.591354]","[0.139135, -0.561296, 0.397555, 0.395108, 0.406605, 0.384634, 0.377099, 0.430733, 0.396258, 0.24231, 0.312645, 0.444016, 0.305346, 0.362428, 0.194341, -0.968402, 0.140197, 0.150677, -0.666982, 0.11186, -0.571984]",14/10/2024 19:45:20
19,"[4.01025, 4.15097, 4.29168, 4.36203, 4.29168, 4.36203, 4.29168, 4.36203, 3.9399, 4.01025, 4.08061, 4.15097, 4.22132, 4.29168, 3.9399, 4.08061, 4.15097, 4.22132, 4.29168]","[-0.171922, -0.193888, -0.22055, -0.18862, -0.220562, -0.220627, -0.220918, -0.221047, -0.172259, -0.216996, -0.158106, -0.159356, -0.159366, -0.159995, -0.210233, -0.127752, -0.160726, -0.192878, -0.160922]","[0.419395, 0.232306, -0.0121922, 0.00623066, 0.016093, 0.0288903, 0.0585508, 0.0676591, 0.423724, 0.513785, 0.123444, 0.175317, 0.175657, 0.196407, 0.454518, 0.194583, 0.217906, 0.209321, 0.223313]",14/10/2024 19:45:21
9,"[1.2664, 1.33675, 4.01025, 1.40711, 1.2664, 1.33675, 3.86954, 3.9399, 4.01025]","[-1.10101, -1.10142, -0.192633, -1.13691, -1.09896, -1.0978, -0.194221, -0.228976, -0.26217]","[0.193644, 0.1947, 0.203332, 0.0489568, 0.188253, 0.185103, 0.239349, 0.270111, 0.26691]",14/10/2024 19:45:22
28,"[1.33675, 1.40711, 1.47746, 1.54782, 3.9399, 4.01025, 4.08061, 1.33675, 1.40711, 1.47746, 1.54782, 3.86954, 3.9399, 4.01025, 4.08061, 1.33675, 1.40711, 1.47746, 1.54782, 3.86954, 3.9399, 4.01025, 4.08061, 3.79919, 3.86954, 3.9399, 4.01025, 4.08061]","[-1.01263, -1.02185, -1.03825, -1.06203, -0.192335, -0.191516, -0.15925, -1.02158, -1.03058, -1.05424, -1.1029, -0.194805, -0.193704, -0.19273, -0.191613, -1.0272, -1.04041, -1.0668, -1.11209, -0.196813, -0.195311, -0.195319, -0.193707, -0.172348, -0.212282, -0.160889, -0.165167, -0.172548]","[0.102817, 0.148002, 0.20345, 0.26109, 0.195768, 0.173173, 0.17156, 0.146898, 0.179961, 0.244082, 0.332112, 0.25119, 0.228302, 0.20572, 0.176022, 0.168387, 0.209516, 0.270786, 0.345145, 0.287848, 0.260986, 0.26112, 0.228367, 0.424848, 0.473608, 0.222396, 0.316516, 0.427377]",14/10/2024 19:45:23
20,"[4.50274, 1.33675, 1.40711, 1.47746, 1.54782, 1.61817, 1.68853, 1.33675, 1.40711, 1.47746, 1.54782, 1.61817, 1.68853, 1.33675, 1.40711, 1.47746, 1.54782, 1.61817, 1.68853, 1.47746]","[-0.229115, -0.601794, -0.601051, -0.56255, -0.599795, -0.639148, -0.637086, -0.604337, -0.603254, -0.564375, -0.610902, -0.648067, -0.648869, -0.608194, -0.606042, -0.566718, -0.575934, -0.658989, -0.6615, -0.607338]","[0.272264, 0.113182, 0.103218, 0.0886674, 0.0836336, 0.0962723, 0.0609828, 0.141965, 0.130511, 0.116699, 0.197106, 0.181322, 0.187009, 0.176593, 0.158265, 0.144772, 0.222023, 0.246893, 0.259394, 0.169551]",14/10/2024 19:45:24
30,"[2.6735, 2.74386, 4.71381, 4.78416, 2.60315, 2.6735, 2.74386, 4.71381, 2.6735, 2.74386, 2.53279, 2.39208, 2.46244, 2.53279, 2.25137, 2.32173, 2.39208, 2.46244, 2.53279, 2.25137, 2.32173, 2.39208, 2.46244, 2.53279, 2.25137, 2.32173, 2.88457, 2.74386, 2.95492, 2.95492]","[-0.286407, -0.286232, -0.0965212, -0.0957148, -0.318691, -0.285683, -0.285573, -0.128904, -0.317956, -0.285173, -0.31792, -0.322088, -0.32177, -0.324296, -0.324271, -0.321222, -0.370632, -0.332426, -0.304125, -0.325996, -0.323778, -0.403124, -0.380129, -0.351265, -0.327528, -0.358918, -0.351418, -0.220691, -0.642833, -0.448685]","[-0.0943753, -0.0878672, 0.233775, 0.195406, -0.0725402, -0.0632232, -0.0569726, 0.235485, -0.0283943, -0.0229039, -0.0242344, 0.160101, 0.154078, 0.196659, 0.196286, 0.143085, 0.320591, 0.292247, 0.35052, 0.220482, 0.188745, 0.298031, 0.385926, 0.431827, 0.239773, 0.207172, -0.0527707, 0.0374639, -0.138198, 1.04224]",14/10/2024 19:45:25
23,"[4.99523, 5.06558, 3.72883, 4.99523, 5.06558, 5.06558, 3.58812, 3.3067, 3.37706, 3.44741, 3.51777, 3.58812, 3.3067, 3.37706, 3.44741, 3.51777, 3.58812, 3.65848, 3.9399, 3.3067, 3.37706, 3.44741, 3.51777]","[0.0326379, 0.0326951, -0.188768, 0.0333744, 0.0336697, -0.0318206, -0.221917, -0.226024, -0.227924, -0.228056, -0.256432, -0.226057, -0.228459, -0.230302, -0.23076, -0.227484, -0.264396, -0.272784, -0.229073, -0.230038, -0.232535, -0.233477, -0.232674]","[0.292082, 0.297844, 0.0398124, 0.358223, 0.380956, 0.188781, 0.110807, 0.219033, 0.25323, 0.255406, 0.169405, 0.219676, 0.26196, 0.28985, 0.296313, 0.245768, 0.295496, 0.381942, 0.271621, 0.286046, 0.319954, 0.331698, 0.321713]",14/10/2024 19:45:26
13,"[4.50274, 4.5731, 4.43239, 4.50274, 4.08061, 4.15097, 4.22132, 4.36203, 4.08061, 4.15097, 4.22132, 4.36203, 4.15097]","[-0.190535, -0.190414, -0.160002, -0.159442, -0.194806, -0.162768, -0.162737, -0.200868, -0.196961, -0.164005, -0.163894, -0.195067, -0.165154]","[0.141172, 0.136692, 0.196632, 0.178322, 0.251215, 0.268368, 0.267667, 0.348879, 0.290336, 0.294321, 0.292097, 0.256315, 0.316264]",14/10/2024 19:45:27
19,"[4.5731, 4.64345, 4.71381, 4.78416, 4.85452, 4.5731, 4.64345, 4.71381, 4.78416, 4.85452, 4.92487, 4.5731, 4.64345, 4.71381, 4.85452, 4.92487, 4.85452, 4.92487, 4.99523]","[-0.224272, -0.22566, -0.227883, -0.225725, -0.224353, -0.225593, -0.226695, -0.229451, -0.230358, -0.228587, -0.196954, -0.228049, -0.228427, -0.230525, 0.0326715, 0.0330809, 0.0335118, 0.0355551, 0]","[0.181343, 0.211788, 0.25254, 0.213113, 0.183269, 0.210427, 0.23175, 0.27737, 0.290647, 0.264014, 0.290211, 0.255292, 0.26145, 0.293007, 0.295487, 0.333729, 0.369022, 0.496818, 0.118582]",14/10/2024 19:45:28
19,"[5.13594, 5.2063, 5.27665, 5.2063, 5.27665, 4.29168, 4.36203, 4.22132, 4.29168, 4.36203, 4.43239, 4.22132, 4.29168, 4.36203, 4.43239, 4.22132, 4.29168, 4.36203, 4.43239]","[-0.195588, -0.16285, -0.163191, -0.197812, -0.165466, 0, 0, -0.0330946, 0, 0, 0, -0.0339696, 0, 0, 0, -0.0346876, -0.0342491, 0, 0]","[0.266157, 0.270174, 0.277552, 0.304227, 0.32194, 0.260722, 0.283489, 0.334924, 0.304658, 0.291272, 0.285614, 0.402419, 0.370015, 0.317641, 0.28007, 0.448542, 0.421168, 0.311253, 0.210863]",14/10/2024 19:45:29
33,"[5.2063, 5.27665, 5.13594, 5.2063, 5.27665, 5.13594, 5.2063, 5.27665, 4.29168, 4.36203, 4.29168, 4.36203, 4.36203, 3.72883, 3.79919, 3.86954, 3.9399, 3.65848, 3.72883, 3.79919, 3.86954, 3.9399, 3.65848, 3.72883, 3.79919, 3.86954, 3.9399, 3.72883, 3.79919, 3.86954, 4.01025, 4.08061, 4.15097]","[-0.166469, -0.173839, -0.164927, -0.167382, -0.138132, -0.165757, -0.168009, -0.135655, 0, 0, 0, 0, -0.0312569, -0.0996901, -0.0641328, -0.0317011, -0.0316589, -0.0666199, -0.0656938, -0.0648464, -0.064257, -0.0320366, -0.0671489, -0.032901, -0.0654399, -0.0650035, -0.0647615, -0.033271, -0.0331053, -0.0661955, -0.0627448, -0.0628008, -0.0635372]","[0.339371, 0.44325, 0.312073, 0.354371, 0.432756, 0.327115, 0.364226, 0.391639, -0.00880196, -0.0186409, 0.00948805, 0.0014091, -0.0106396, 0.342334, 0.223134, 0.167915, 0.159858, 0.351514, 0.310868, 0.267286, 0.231485, 0.221301, 0.372372, 0.317593, 0.298576, 0.275959, 0.262458, 0.349837, 0.335849, 0.333621, 0.0806119, 0.0909755, 0.177222]",14/10/2024 19:45:30
21,"[5.13594, 5.2063, 3.02528, 3.09563, 3.16599, 3.23635, 2.95492, 3.02528, 3.09563, 3.16599, 3.23635, 2.88457, 2.95492, 3.02528, 3.09563, 3.16599, 3.23635, 2.95492, 3.02528, 5.13594, 5.2063]","[-0.163733, -0.164509, 0, 0, -0.0638166, -0.0633912, -0.0965465, -0.065525, -0.0331474, -0.0642094, -0.0639669, -0.096463, -0.0968408, -0.0981723, -0.0670738, -0.0970223, -0.0979234, -0.0974861, -0.0977642, -0.162527, -0.163375]","[0.288846, 0.304173, 0.262786, 0.281929, 0.200161, 0.163879, 0.234869, 0.302761, 0.33947, 0.228328, 0.211418, 0.231234, 0.247212, 0.296074, 0.369498, 0.254494, 0.287653, 0.272131, 0.282114, 0.262952, 0.281432]",14/10/2024 19:45:31
30,"[5.34701, 5.41736, 5.27665, 5.34701, 5.41736, 5.48772, 5.34701, 5.41736, 2.53279, 2.60315, 2.53279, 2.60315, 2.6735, 2.53279, 2.60315, 2.6735, 2.74386, 2.81421, 2.60315, 2.6735, 2.74386, 2.81421, 2.88457, 2.6735, 2.74386, 2.81421, 2.88457, 2.6735, 2.74386, 2.81421]","[-0.165065, -0.129896, -0.165083, -0.166839, -0.165944, -0.129973, -0.17143, -0.173078, -0.191502, -0.190868, -0.192644, -0.192264, -0.192113, -0.194403, -0.194055, -0.193382, -0.192564, -0.195697, -0.195659, -0.191661, -0.224618, -0.226674, -0.230918, -0.257835, -0.226188, -0.227142, -0.230772, -0.262371, -0.266852, -0.266893]","[0.31463, 0.265291, 0.314968, 0.345548, 0.330376, 0.26745, 0.412976, 0.433994, 0.172779, 0.15283, 0.203612, 0.193928, 0.189923, 0.243117, 0.235876, 0.221106, 0.201619, 0.268171, 0.267475, 0.177409, 0.189418, 0.231351, 0.2985, 0.198113, 0.222217, 0.239807, 0.296476, 0.269631, 0.323708, 0.32416]",14/10/2024 19:45:32
21,"[2.6735, 2.74386, 2.81421, 2.60315, 2.6735, 2.74386, 2.81421, 9.42762, 2.6735, 2.74386, 2.81421, 2.88457, 5.76914, 2.6735, 2.74386, 2.81421, 3.09563, 3.16599, 5.76914, 5.90985, 2.81421]","[-0.288863, -0.260007, -0.200547, -0.288872, -0.291889, -0.263776, -0.240599, -0.0983031, -0.263819, -0.26976, -0.243417, -0.281865, -0.168882, -0.273431, -0.277692, -0.247475, -0.165266, -0.167483, -0.172232, -0.125709, -0.1609]","[0.159433, 0.235355, 0.34452, 0.159609, 0.21314, 0.287853, 0.40774, 0.30039, 0.288396, 0.353736, 0.433264, 0.665751, 0.377424, 0.387649, 0.422779, 0.466795, 0.318325, 0.35597, 0.423369, 0.0776818, 0.222709]",14/10/2024 19:45:33
19,"[3.3067, 3.37706, 3.44741, 3.16599, 3.23635, 3.37706, 3.09563, 3.16599, 3.23635, 3.3067, 3.37706, 3.09563, 3.16599, 3.23635, 3.3067, 3.37706, 3.16599, 3.23635, 3.3067]","[-0.157055, -0.157055, -0.157055, -0.158796, -0.126987, -0.157296, -0.160809, -0.160409, -0.159794, -0.127613, -0.12737, -0.162323, -0.161946, -0.161235, -0.12889, -0.129179, -0.163972, -0.163247, -0.163609]","[0.0452267, 0.0452917, 0.0452589, 0.154343, 0.161378, 0.0712768, 0.220229, 0.208887, 0.190058, 0.18903, 0.178857, 0.258302, 0.249414, 0.231635, 0.235004, 0.244141, 0.293666, 0.278739, 0.286302]",14/10/2024 19:45:34
14,"[3.86954, 3.9399, 4.01025, 4.22132, 4.22132, 3.86954, 3.9399, 4.01025, 3.79919, 3.86954, 3.9399, 4.01025, 3.79919, 3.86954]","[-0.0964549, -0.0964015, -0.0961943, 0.858537, -0.483717, -0.0982444, -0.0974115, -0.0967795, -0.0321686, -0.0649011, -0.0983512, -0.0973099, -0.0650359, -0.0647846]","[0.230881, 0.228518, 0.219097, -0.902929, -0.632885, 0.298462, 0.26938, 0.244697, 0.238844, 0.270339, 0.301962, 0.265584, 0.277709, 0.263784]",14/10/2024 19:45:36
25,"[4.15097, 4.22132, 4.29168, 4.36203, 4.43239, 6.33198, 4.15097, 4.22132, 4.29168, 4.36203, 4.43239, 4.15097, 4.22132, 4.29168, 4.36203, 4.50274, 4.50274, 6.26163, 6.33198, 6.40234, 4.5731, 4.64345, 6.26163, 6.33198, 6.40234]","[-0.032505, -0.0326249, -0.0320723, -0.0319663, -0.0320315, -0.168863, -0.0657257, -0.0659629, -0.063469, -0.0322911, -0.0323772, -0.0668361, -0.0677991, -0.0326658, -0.0329399, 0, 0, -0.164304, -0.164594, -0.16636, -0.0322867, 0, -0.165115, -0.166915, -0.170375]","[0.278169, 0.290755, 0.226193, 0.211298, 0.22059, 0.377148, 0.312372, 0.323306, 0.171124, 0.253948, 0.263994, 0.360217, 0.396165, 0.294908, 0.321166, 0.230858, 0.258757, 0.300216, 0.305803, 0.337528, 0.253424, 0.349865, 0.315562, 0.346795, 0.398752]",14/10/2024 19:45:37
21,"[4.01025, 4.08061, 4.22132, 4.29168, 4.01025, 4.08061, 4.15097, 4.22132, 4.29168, 4.36203, 4.36203, 4.85452, 4.92487, 4.01025, 4.08061, 4.22132, 4.29168, 4.85452, 4.92487, 6.26163, 6.33198]","[0, 0, -0.032703, 0, 0, 0, -0.111772, -0.0330567, 0, 0.917152, 0.183448, 0.600684, 0.599043, -0.0331173, 0, -0.0340382, -0.0341115, 0.609764, 0.602878, -0.164165, -0.166666]","[0.269032, 0.256788, 0.298627, 0.329022, 0.30048, 0.289482, 0.572571, 0.331613, 0.359612, -0.88947, 0.815879, 0.0979147, 0.0692652, 0.336891, 0.312144, 0.407126, 0.412074, 0.188778, 0.126286, 0.297497, 0.342685]",14/10/2024 19:45:38
18,"[4.50274, 4.71381, 4.78416, 4.43239, 4.50274, 4.5731, 4.64345, 4.71381, 4.78416, 4.36203, 4.43239, 4.50274, 4.64345, 4.71381, 4.78416, 4.43239, 4.99523, 4.99523]","[-0.168313, -0.0628358, -0.0633819, -0.201318, -0.168853, -0.168869, -0.0314442, -0.0629687, -0.063442, -0.197103, -0.202243, -0.205769, -0.0629252, -0.0629575, -0.0630397, -0.203744, -1.02865, -0.122511]","[0.368884, 0.0968891, 0.16299, 0.354891, 0.376995, 0.377241, 0.109704, 0.116569, 0.168643, 0.292703, 0.366879, 0.408598, 0.110526, 0.115048, 0.125814, 0.385346, -0.698033, -0.696402]",14/10/2024 19:45:39
18,"[4.43239, 4.50274, 4.5731, 4.64345, 4.71381, 4.78416, 4.43239, 4.50274, 4.5731, 4.64345, 4.71381, 4.78416, 4.50274, 4.5731, 4.64345, 4.71381, 4.50274, 4.5731]","[-0.227012, -0.228963, -0.197216, -0.234603, -0.233727, -0.0946836, -0.229546, -0.231364, -0.232555, -0.23792, -0.275703, -0.127491, -0.23461, -0.236778, -0.28031, -0.283776, -0.194515, -0.194465]","[0.237484, 0.26992, 0.294582, 0.345122, 0.33474, 0.129547, 0.278799, 0.304596, 0.320212, 0.38136, 0.40687, 0.183969, 0.345199, 0.369383, 0.442563, 0.467023, 0.2454, 0.244369]",14/10/2024 19:45:40
12,"[4.99523, 5.06558, 5.13594, 5.2063, 4.99523, 5.06558, 5.13594, 5.2063, 4.99523, 5.06558, 5.13594, 5.2063]","[-0.162051, -0.162037, -0.162227, -0.132288, -0.16332, -0.163032, -0.163054, -0.165466, -0.164483, -0.163777, -0.163514, -0.164495]","[0.251923, 0.251575, 0.256074, 0.324945, 0.280293, 0.274132, 0.2746, 0.321941, 0.30368, 0.289731, 0.284348, 0.303913]",14/10/2024 19:45:41
15,"[6.05056, 6.12091, 6.47269, 6.26163, 6.33198, 6.40234, 6.47269, 6.33198, 6.40234, 6.47269, 6.05056, 6.12091, 6.05056, 6.12091, 6.19127]","[-0.098687, -0.0983021, -0.227115, -0.2713, -0.269015, -0.26409, -0.227028, -0.304474, -0.264807, -0.226469, -0.0970829, -0.0964713, -0.0976062, -0.0973709, -0.0970693]","[0.312665, 0.300357, 0.239318, 0.368441, 0.346342, 0.29175, 0.237781, 0.353545, 0.30043, 0.227543, 0.256876, 0.231598, 0.276493, 0.267871, 0.256344]",14/10/2024 19:45:42
1,"[6.54305]","[-0.482043]","[0.337087]",14/10/2024 19:45:43
12,"[5.55807, 5.62843, 5.69878, 5.55807, 5.62843, 5.69878, 5.55807, 5.62843, 5.69878, 5.55807, 5.62843, 6.05056]","[-0.655214, -0.658223, -0.619008, -0.656554, -0.661815, -0.628272, -0.707345, -0.670304, -0.670246, -0.719674, -0.678336, -0.132403]","[0.226613, 0.242934, 0.24783, 0.234039, 0.260912, 0.294168, 0.277263, 0.298514, 0.298277, 0.323258, 0.329459, 0.327499]",14/10/2024 19:45:44
4,"[4.5731, 4.71381, 4.71381, 4.78416]","[-0.920926, -0.932125, -0.932999, -0.929541]","[0.193849, 0.232691, 0.235412, 0.224422]",14/10/2024 19:45:45
6,"[4.71381, 4.78416, 4.85452, 4.71381, 4.78416, 4.85452]","[-0.911025, -0.910304, -0.910897, -0.919672, -0.919521, -0.922617]","[0.150083, 0.146336, 0.14943, 0.188926, 0.188323, 0.200274]",14/10/2024 19:45:48
14,"[6.12091, 6.19127, 6.05056, 6.12091, 6.19127, 6.26163, 6.12091, 6.19127, 5.55807, 5.62843, 5.55807, 5.62843, 6.19127, 6.26163]","[-0.0997039, -0.102494, -0.133237, -0.133983, -0.135622, -0.140248, -0.135305, -0.137373, -0.686669, -0.688197, -0.69291, -0.697509, -0.129851, -0.0969633]","[0.342722, 0.412067, 0.345349, 0.360419, 0.391039, 0.464143, 0.385361, 0.420713, 0.168369, 0.178975, 0.208082, 0.23269, 0.263994, 0.252154]",14/10/2024 19:45:49
17,"[5.76914, 5.83949, 6.19127, 6.19127, 5.69878, 5.76914, 5.83949, 5.90985, 6.19127, 6.19127, 5.69878, 5.76914, 5.83949, 5.90985, 5.69878, 5.83949, 5.90985]","[-0.193169, -0.193608, 0.678629, -0.390711, -0.193727, -0.193803, -0.194322, -0.196163, 0.694293, -0.392251, -0.197632, -0.195102, -0.195001, -0.228912, -0.204251, -0.226845, -0.265458]","[0.216216, 0.226189, -0.799648, 0.175442, 0.228805, 0.230473, 0.241446, 0.276581, -0.81789, 0.195326, 0.301348, 0.256989, 0.25503, 0.269117, 0.391327, 0.234485, 0.308074]",14/10/2024 19:45:52
12,"[4.71381, 4.78416, 4.99523, 4.64345, 4.71381, 4.78416, 4.64345, 4.71381, 4.78416, 4.85452, 4.99523, 5.06558]","[-0.262657, -0.264436, -0.225682, -0.265756, -0.264064, -0.228539, -0.264972, -0.263609, -0.230213, -0.23375, -0.223753, -0.223208]","[0.273446, 0.295974, 0.212244, 0.311488, 0.291434, 0.263243, 0.302388, 0.285754, 0.288571, 0.335014, 0.168448, 0.153695]",14/10/2024 19:45:53
14,"[5.06558, 4.99523, 5.06558, 4.85452, 4.92487, 4.99523, 4.85452, 4.92487, 4.99523, 5.06558, 4.92487, 4.99523, 5.2063, 5.2063]","[-0.162631, -0.162763, -0.166473, -0.162944, -0.165416, -0.132925, -0.165557, -0.167003, -0.167735, -0.167558, -0.170329, -0.170842, -0.221504, -0.222485]","[0.265306, 0.268239, 0.339447, 0.272218, 0.321041, 0.338794, 0.323565, 0.34824, 0.359962, 0.357165, 0.398114, 0.40513, 0.0929046, 0.131453]",14/10/2024 19:45:54
15,"[4.78416, 4.92487, 5.06558, 5.13594, 4.99523, 5.06558, 5.13594, 4.78416, 4.99523, 5.06558, 4.71381, 4.78416, 4.92487, 4.99523, 5.06558]","[0, 0, 0, 0, -0.0323645, 0, 0, 0, 0, 0, 0, 0, 0, 0, 0]","[0.49484, 0.364164, 0.209581, 0.279898, 0.262541, 0.234534, 0.219004, 0.376076, 0.445147, 0.339094, 0.407915, 0.420856, 0.349156, 0.433623, 0.376823]",14/10/2024 19:45:55
9,"[4.85452, 4.64345, 4.71381, 4.78416, 4.85452, 4.92487, 4.78416, 4.85452, 4.92487]","[0.0976057, 0.0685652, 0.0685514, 0.0331068, 0.0326142, 0.0320518, 0.0651368, 0.0651588, 0.0654563]","[0.276474, 0.42204, 0.421591, 0.335984, 0.289663, 0.223394, 0.283088, 0.284245, 0.299386]",14/10/2024 19:45:56
1,"[4.85452]","[0.0330548]","[0.331449]",14/10/2024 19:45:57
2,"[4.78416, 4.85452]","[0.0325184, 0.0325952]","[0.279613, 0.287695]",14/10/2024 19:45:58
5,"[4.71381, 4.78416, 4.64345, 4.71381, 4.78416]","[0.0676387, 0.0673955, 0.068435, 0.0691153, 0.0699592]","[0.390466, 0.381614, 0.417787, 0.4394, 0.464362]",14/10/2024 19:45:59
13,"[4.78416, 4.85452, 4.71381, 4.78416, 4.85452, 4.92487, 4.78416, 6.26163, 6.33198, 6.26163, 6.33198, 4.78416, 4.92487]","[0.0664616, 0.0649537, 0.0679088, 0.0660501, 0.0643241, 0.0638343, 0.0670444, -0.16453, -0.166247, -0.165562, -0.165951, -0.0734219, 0.0329056]","[0.344972, 0.273242, 0.400004, 0.327217, 0.235864, 0.201525, 0.368366, 0.304579, 0.33561, 0.323653, 0.330508, 0.550983, 0.318015]",14/10/2024 19:46:00
8,"[4.85452, 4.85452, 4.78416, 4.85452, 4.92487, 4.78416, 4.85452, 4.92487]","[0.0642333, 0.0317273, 0.0629719, 0.0630935, 0.0632385, 0.0633878, 0.063488, 0.0636387]","[0.229922, 0.172717, 0.117008, 0.132373, 0.148584, 0.163552, 0.172847, 0.185906]",14/10/2024 19:46:01
14,"[4.71381, 4.78416, 4.85452, 4.78416, 4.71381, 4.78416, 4.85452, 4.71381, 4.78416, 4.85452, 4.92487, 4.92487, 6.05056, 6.12091]","[0.0328519, 0.0329341, 0.0655578, 0.0335123, 0.0321166, 0.0322484, 0.0641825, 0.0325248, 0.0325672, 0.0648089, 0.158748, -0.406399, -0.134023, -0.132516]","[0.31301, 0.320629, 0.304355, 0.369059, 0.232105, 0.248806, 0.226517, 0.280289, 0.284773, 0.265167, 0.152403, -0.98439, 0.361196, 0.329984]",14/10/2024 19:46:02
28,"[6.05056, 6.12091, 4.50274, 4.5731, 4.64345, 4.43239, 4.50274, 4.5731, 4.64345, 4.71381, 4.43239, 4.50274, 4.5731, 4.64345, 4.36203, 4.43239, 4.50274, 4.50274, 4.64345, 4.71381, 6.26163, 6.33198, 4.36203, 4.43239, 4.64345, 4.71381, 6.26163, 6.33198]","[-0.137648, -0.140138, 0.0653396, 0.0321481, 0.0315187, 0.0331215, 0.0661152, 0.0325508, 0.0315078, 0.0313682, 0.0344021, 0.0343337, 0.0334559, 0, 0.0635037, 0.0952098, 0.127399, -0.44721, 0.0312791, 0.0314204, -0.197106, -0.197498, 0.0639769, 0.063919, 0.0313174, 0.0314208, -0.167293, -0.167125]","[0.425121, 0.46258, 0.293551, 0.236217, 0.129414, 0.337245, 0.330102, 0.283051, 0.126727, 0.0849361, 0.430989, 0.426635, 0.364675, 0.129447, 0.174254, 0.166584, 0.180104, -0.954399, 0.0391487, 0.102595, 0.29275, 0.299188, 0.212142, 0.207898, 0.0630841, 0.10274, 0.352937, 0.350221]",14/10/2024 19:46:03
34,"[5.90985, 3.72883, 3.72883, 3.79919, 3.9399, 3.72883, 3.79919, 3.86954, 3.9399, 4.29168, 3.65848, 3.72883, 3.79919, 3.86954, 3.9399, 4.01025, 4.01025, 4.29168, 4.36203, 3.51777, 3.58812, 3.79919, 3.86954, 3.9399, 4.01025, 4.01025, 3.51777, 3.58812, 5.83949, 5.90985, 5.9802, 3.58812, 5.83949, 5.90985]","[-0.140316, 0.0323084, 0.0324614, 0.0325093, -0.0628181, 0, 0, 0, -0.0324831, -0.319877, 0, 0, 0, 0, 0, 0.170372, 1.25583, 0.119418, 0.146679, -0.0641329, -0.0637522, 0, -0.0324171, 0, 0.148741, 1.11877, -0.0648949, -0.0645789, -0.0997318, -0.101621, -0.09868, -0.0650064, -0.13512, -0.107248]","[0.465102, 0.256008, 0.273425, 0.278634, 0.0939428, 0.289583, 0.249723, 0.210315, 0.2758, 0.111413, 0.35135, 0.328142, 0.205862, 0.238248, 0.412725, 0.98491, -1.01706, 1.01853, 0.87441, 0.223139, 0.195129, 0.156578, 0.268518, 0.443573, 0.885862, -0.981441, 0.269995, 0.251733, 0.343502, 0.392042, 0.312447, 0.276116, 0.381991, 0.503663]",14/10/2024 19:46:04
22,"[3.02528, 3.09563, 3.16599, 3.23635, 3.3067, 3.37706, 2.95492, 3.02528, 3.09563, 3.16599, 3.23635, 3.3067, 3.37706, 3.02528, 3.09563, 3.16599, 3.23635, 3.3067, 3.37706, 3.16599, 3.23635, 3.3067]","[-0.127713, -0.127522, -0.127029, -0.158776, -0.158907, -0.158672, -0.160667, -0.160277, -0.127682, -0.158397, -0.159271, -0.159722, -0.159204, -0.161522, -0.160292, -0.190551, -0.192364, -0.160748, -0.159101, -0.228352, -0.197452, -0.192958]","[0.193058, 0.1853, 0.1634, 0.153531, 0.158711, 0.149249, 0.216275, 0.20499, 0.191812, 0.137357, 0.172315, 0.1877, 0.169887, 0.23897, 0.205449, 0.141763, 0.196529, 0.218528, 0.166101, 0.260247, 0.298433, 0.211246]",14/10/2024 19:46:05
34,"[2.53279, 2.60315, 2.6735, 2.74386, 2.81421, 5.27665, 5.34701, 5.41736, 2.74386, 2.81421, 2.88457, 2.6735, 2.74386, 2.81421, 2.88457, 2.53279, 2.60315, 2.6735, 2.74386, 2.81421, 2.88457, 3.37706, 5.27665, 5.34701, 5.41736, 5.48772, 2.53279, 2.60315, 2.6735, 2.74386, 2.81421, 5.27665, 5.34701, 5.41736]","[-0.356336, -0.324093, -0.327239, -0.363379, -0.357983, -0.167896, -0.200826, -0.16735, -0.318287, -0.31818, -0.286857, -0.31865, -0.319347, -0.318991, -0.318959, -0.353068, -0.353458, -0.353716, -0.353659, -0.353188, -0.353641, 0.862451, -0.162569, -0.16413, -0.198127, -0.200958, -0.354684, -0.322278, -0.322877, -0.323017, -0.356196, -0.164974, -0.165625, -0.165854]","[0.17108, 0.193596, 0.236269, 0.25712, 0.194929, 0.362471, 0.34831, 0.353857, 0.0530267, 0.0464901, 0.109336, 0.0708002, 0.096044, 0.0841222, 0.08296, 0.108368, 0.117686, 0.123455, 0.122199, 0.111326, 0.121793, 0.15783, 0.263917, 0.296793, 0.309181, 0.350095, 0.142977, 0.163581, 0.174089, 0.176455, 0.168891, 0.312959, 0.324776, 0.32882]",14/10/2024 19:46:07
28,"[5.06558, 5.13594, 2.25137, 2.32173, 2.39208, 2.11066, 2.18102, 2.25137, 2.32173, 2.39208, 2.0403, 2.11066, 2.18102, 2.25137, 2.32173, 2.39208, 5.06558, 5.13594, 5.2063, 5.27665, 5.34701, 2.11066, 2.18102, 2.25137, 2.32173, 5.06558, 5.13594, 5.2063]","[-0.133359, -0.100898, -0.418371, -0.418589, -0.488533, -0.499508, -0.491012, -0.45511, -0.454664, -0.453862, -0.554825, -0.504341, -0.460336, -0.457994, -0.45807, -0.494849, -0.129906, -0.0978432, -0.0979268, -0.163704, -0.1646, -0.469058, -0.464575, -0.461243, -0.496429, -0.0988273, -0.0995396, -0.0671958]","[0.347864, 0.374386, 0.0104823, -0.0330127, -0.0497495, 0.207182, 0.108425, 0.0968681, 0.0869858, 0.065503, 0.320314, 0.245428, 0.174536, 0.145148, 0.146209, 0.161089, 0.265554, 0.284876, 0.287768, 0.288252, 0.305917, 0.254375, 0.217366, 0.184603, 0.178153, 0.317015, 0.338078, 0.374152]",14/10/2024 19:46:08
26,"[1.61817, 1.68853, 1.75888, 1.82924, 1.89959, 1.96995, 2.60315, 5.27665, 5.06558, 5.13594, 1.68853, 1.75888, 1.82924, 1.89959, 1.61817, 1.68853, 1.75888, 1.82924, 1.89959, 1.96995, 1.61817, 1.68853, 1.75888, 1.82924, 1.89959, 1.96995]","[-0.781947, -0.683792, -0.68079, -0.640016, -0.635725, -0.637462, -1.44395, -0.319751, -0.129913, -0.13049, -0.676008, -0.676291, -0.678587, -0.636925, -0.770788, -0.677199, -0.676066, -0.67755, -0.635714, -0.610713, -0.775547, -0.679932, -0.677685, -0.638629, -0.635732, -0.60254]","[0.221155, 0.146177, 0.118408, 0.107673, 0.00601558, -0.0687929, -1.07862, 0.107953, 0.265746, 0.281468, 0.0467627, 0.0537798, 0.0926826, 0.0573129, 0.162697, 0.07175, 0.0482909, 0.0775975, -0.00255084, -0.195753, 0.190058, 0.10913, 0.0797264, 0.0887318, -0.0075465, -0.122353]",14/10/2024 19:46:09
23,"[1.54782, 1.61817, 1.68853, 1.75888, 1.47746, 1.54782, 1.61817, 1.68853, 1.75888, 1.54782, 1.68853, 1.75888, 1.82924, 4.50274, 4.5731, 4.50274, 4.5731, 4.64345, 4.71381, 4.78416, 4.5731, 4.64345, 4.71381]","[-0.776961, -0.780565, -0.762518, -0.759424, -0.826616, -0.829116, -0.837276, -0.763945, -0.770464, -0.862013, -0.721697, -0.772801, -0.783103, -0.0957389, -0.0958699, -0.0970258, -0.0975809, -0.0660664, -0.0660257, -0.0324164, -0.0994883, -0.0672326, -0.0674797]","[0.197399, 0.214866, 0.0969609, 0.0540055, 0.214719, 0.224997, 0.255277, 0.11124, 0.160654, 0.327724, 0.115602, 0.174836, 0.226267, 0.196668, 0.20339, 0.254634, 0.275581, 0.327942, 0.326128, 0.268438, 0.336614, 0.375542, 0.384708]",14/10/2024 19:46:10
25,"[2.39208, 2.46244, 2.53279, 2.32173, 2.39208, 2.46244, 2.53279, 2.60315, 3.23635, 3.44741, 2.32173, 2.39208, 2.46244, 2.53279, 2.53279, 2.60315, 2.6735, 2.88457, 2.88457, 2.95492, 2.81421, 2.88457, 4.64345, 4.71381, 4.78416]","[-0.427261, -0.369329, -0.323484, -0.427512, -0.430216, -0.436921, -0.400638, -0.540681, -0.966066, -0.385119, -0.430342, -0.433274, -0.473948, -0.408167, -0.659935, -0.394766, -0.387351, -0.351736, -0.351416, -0.351297, -0.351548, -0.351397, 0.0318706, 0.0317435, 0]","[0.198408, 0.310298, 0.484749, 0.201133, 0.228249, 0.283586, 0.765345, -0.754591, -0.868759, 0.0597217, 0.229429, 0.25517, 0.28881, -0.889451, 0.251685, -0.223811, -0.120445, -0.0672006, -0.0527019, -0.0461255, -0.0591336, -0.0517121, 0.196825, 0.175621, 0.117919]",14/10/2024 19:46:12
26,"[3.44741, 3.09563, 3.16599, 3.23635, 3.3067, 3.02528, 3.09563, 3.16599, 3.23635, 3.3067, 3.09563, 3.16599, 3.23635, 3.3067, 3.65848, 3.72883, 3.09563, 3.16599, 3.65848, 3.37706, 3.44741, 3.37706, 3.44741, 4.5731, 4.64345, 4.71381]","[-0.31796, -0.324131, -0.319879, -0.231677, -0.232593, -0.326094, -0.32735, -0.354389, -0.257198, -0.257696, -0.332782, -0.384775, -0.253791, -0.28679, -0.253605, -0.252949, -0.372491, -0.378689, -0.286571, -0.31787, -0.285132, -0.318036, -0.285381, 0.0664611, 0.066085, 0.0645085]","[-0.0288214, 0.194181, 0.111466, 0.30879, 0.320692, 0.221773, 0.23762, 0.137341, 0.185672, 0.195472, 0.295651, 0.413277, 0.0925843, 0.107219, -0.0845238, -0.0456362, 0.334628, 0.376927, -0.100086, -0.0168476, 0.0156769, 0.0358768, 0.0440228, 0.344951, 0.328771, 0.247464]",14/10/2024 19:46:13
21,"[4.5731, 4.64345, 4.71381, 3.58812, 3.65848, 4.5731, 4.64345, 4.71381, 4.78416, 3.58812, 3.65848, 3.72883, 4.64345, 4.71381, 4.78416, 4.85452, 3.51777, 3.58812, 3.65848, 3.72883, 3.72883]","[0.0323433, 0.0648516, 0.064794, -0.285096, -0.25328, 0.0327447, 0.0327271, 0.0654664, 0.0322716, -0.286425, -0.257043, -0.260109, 0.0331956, 0.0332786, 0, 0, -0.294427, -0.291956, -0.264753, -0.269589, -0.276469]","[0.260096, 0.267574, 0.264321, -0.000156076, 0.0680625, 0.302735, 0.30101, 0.299883, 0.251609, 0.0950352, 0.182491, 0.236953, 0.343553, 0.350458, 0.275351, 0.278725, 0.24889, 0.214177, 0.299788, 0.35205, 0.413091]",14/10/2024 19:46:14
19,"[3.79919, 3.86954, 3.9399, 4.01025, 3.72883, 3.79919, 3.86954, 3.9399, 4.01025, 3.9399, 4.01025, 4.71381, 4.78416, 4.85452, 4.5731, 4.78416, 3.79919, 3.86954, 3.9399]","[-0.278231, -0.258722, -0.2538, -0.255463, -0.312188, -0.275338, -0.257916, -0.25659, -0.257092, -0.256468, -0.256151, -0.032191, -0.0320891, 0, 0.0324267, 0, -0.261874, -0.257821, -0.224916]","[0.426952, 0.214168, 0.0929643, 0.146129, 0.413548, 0.403861, 0.199633, 0.172883, 0.183506, 0.170203, 0.163026, 0.241681, 0.228458, 0.225447, 0.269584, 0.272908, 0.262836, 0.197847, 0.19611]",14/10/2024 19:46:15
20,"[3.79919, 4.01025, 3.9399, 4.01025, 4.08061, 3.9399, 4.01025, 4.29168, 4.36203, 4.43239, 4.50274, 4.29168, 4.36203, 4.43239, 3.72883, 3.79919, 3.86954, 3.9399, 4.29168, 4.36203]","[-0.383688, -0.220787, -0.25421, -0.253914, -0.253637, -0.25496, -0.254956, 0, 0, -0.031612, 0, 0.032655, 0.0326145, 0, -0.340073, -0.340865, -0.328498, -0.292089, 0.0331391, 0.0332463]","[0.407095, 0.0475541, 0.108587, 0.0975681, 0.085965, 0.132388, 0.132259, 0.236436, 0.194082, 0.150389, 0.188259, 0.293816, 0.28969, 0.231259, 0.357216, 0.363154, 0.251152, 0.216202, 0.338759, 0.347789]",14/10/2024 19:46:16
27,"[3.9399, 4.01025, 4.08061, 4.15097, 4.22132, 4.29168, 3.9399, 4.08061, 4.15097, 4.22132, 3.9399, 4.08061, 4.15097, 4.22132, 4.29168, 4.01025, 4.08061, 4.15097, 4.22132, 4.99523, 4.22132, 4.29168, 4.01025, 4.08061, 4.15097, 4.22132, 4.29168]","[-0.197872, -0.197417, -0.100415, -0.0677798, -0.0980204, -0.129654, -0.243722, -0.161926, -0.193643, -0.225053, -0.221637, -0.226166, -0.226603, -0.225634, -0.223789, -0.260128, -0.261805, -0.228819, -0.226983, -0.644165, -0.096227, -0.127563, -0.0992311, -0.0661712, -0.0660236, -0.0974925, -0.128655]","[0.305181, 0.297874, 0.361987, 0.395483, 0.290967, 0.258344, 0.435908, 0.248936, 0.226965, 0.199099, 0.5492, 0.221791, 0.230038, 0.211268, 0.169364, 0.237248, 0.261876, 0.267678, 0.236971, 0.150421, 0.220611, 0.186996, 0.329153, 0.332562, 0.326038, 0.272364, 0.227304]",14/10/2024 19:46:17
18,"[4.22132, 4.43239, 4.50274, 4.5731, 4.15097, 4.15097, 4.22132, 4.22132, 4.29168, 4.43239, 4.50274, 4.5731, 4.5731, 4.36203, 4.43239, 4.36203, 4.43239, 4.29168]","[-0.130636, -0.159306, -0.225675, -0.296478, -0.384717, -0.0718522, -0.318148, -0.0693544, -0.269593, -0.196305, -0.263906, 1.03682, -0.373094, -0.196943, -0.159822, -0.160943, -0.161228, -0.126125]","[0.285283, 0.173542, 0.212095, 0.274066, -0.0397794, 0.514396, 0.0443526, 0.446668, -0.352089, 0.279083, 0.289477, -0.95101, 0.339035, 0.290032, 0.190951, 0.223863, 0.231451, 0.112215]",14/10/2024 19:46:18
22,"[4.15097, 4.22132, 4.36203, 4.43239, 4.85452, 4.85452, 4.15097, 4.29168, 4.36203, 4.43239, 4.50274, 4.50274, 4.5731, 4.85452, 4.85452, 4.36203, 4.43239, 4.22132, 4.15097, 4.22132, 4.29168, 4.36203]","[-0.098002, -0.09991, -0.158807, -0.159319, -0.26452, 0.618373, -0.102752, -0.157057, -0.191267, -0.193178, 0.67384, -0.135939, 0.692887, -0.271258, 0.575134, -0.192731, -0.193754, -0.0946174, -0.0950652, -0.094814, -0.125744, -0.188802]","[0.290342, 0.348438, 0.154773, 0.173995, 0.296996, -0.794304, 0.417772, 0.0454828, 0.165677, 0.216438, -0.720899, 0.396633, -0.746836, 0.368047, -0.727476, 0.205762, 0.229405, 0.124076, 0.15731, 0.13968, 0.0811613, 0.0440245]",14/10/2024 19:46:19
6,"[4.50274, 4.36203, 4.43239, 4.15097, 4.22132, 4.29168]","[-0.257259, -0.195627, -0.198921, -0.063972, -0.0627051, -0.127145]","[0.186903, 0.266887, 0.321286, 0.211788, 0.0723579, 0.168822]",14/10/2024 19:46:20
20,"[4.08061, 4.15097, 4.29168, 4.36203, 4.43239, 4.08061, 4.15097, 4.22132, 4.29168, 4.36203, 4.50274, 4.15097, 4.29168, 4.36203, 4.43239, 4.15097, 4.22132, 4.29168, 4.36203, 4.43239]","[-0.0995884, -0.104774, -0.225122, -0.225783, -0.226429, -0.10103, -0.105526, -0.152124, -0.20682, -0.169568, 0.852358, -0.15023, -0.224745, -0.224069, -0.190977, -0.0994741, -0.197826, -0.227363, -0.193534, -0.192676]","[0.339466, 0.459167, 0.200582, 0.214278, 0.226802, 0.377679, 0.473327, 0.600809, 0.420023, 0.387411, -0.844431, 0.582312, 0.192304, 0.176409, 0.156444, 0.336209, 0.30445, 0.243684, 0.224547, 0.204408]",14/10/2024 19:46:21
24,"[4.08061, 4.15097, 4.22132, 4.36203, 4.43239, 4.08061, 4.15097, 4.22132, 4.29168, 4.36203, 4.43239, 4.50274, 4.50274, 4.5731, 4.5731, 4.15097, 4.36203, 4.43239, 4.08061, 4.15097, 4.22132, 4.29168, 4.36203, 4.43239]","[-0.131168, -0.131935, -0.134286, -0.158903, -0.126822, -0.132323, -0.13296, -0.102886, -0.19337, -0.161014, -0.127671, 0.817399, -0.0376798, 0.886642, -0.340791, -0.13336, -0.1623, -0.161171, -0.0969259, -0.0973606, -0.0989674, -0.254608, -0.224989, -0.1619]","[0.298721, 0.316944, 0.36631, 0.158575, 0.153273, 0.325729, 0.339547, 0.420682, 0.220848, 0.225778, 0.191355, -0.872806, -0.592488, -0.869512, 0.362599, 0.347889, 0.257772, 0.229946, 0.250655, 0.267486, 0.321287, 0.12181, 0.197701, 0.248303]",14/10/2024 19:46:22
15,"[4.08061, 4.15097, 4.22132, 4.36203, 4.43239, 4.08061, 4.15097, 4.22132, 4.29168, 4.36203, 4.43239, 4.15097, 4.22132, 4.36203, 4.43239]","[-0.129141, -0.0969203, -0.0971588, -0.159647, -0.159729, -0.0978617, -0.0977429, -0.0979095, -0.0314885, -0.160759, -0.161392, -0.0986753, -0.0990892, -0.162217, -0.162462]","[0.242951, 0.250431, 0.259827, 0.185237, 0.187953, 0.285519, 0.281362, 0.287173, 0.121806, 0.218843, 0.235679, 0.312299, 0.324947, 0.255836, 0.261476]",14/10/2024 19:46:23
8,"[4.15097, 4.22132, 4.29168, 4.15097, 4.22132, 4.15097, 4.22132, 4.29168]","[-0.0966956, -0.129246, -0.195857, -0.100363, -0.101007, -0.0961936, -0.0960514, -0.161539]","[0.241207, 0.2462, 0.2711, 0.360612, 0.37711, 0.219062, 0.212329, 0.239421]",14/10/2024 19:46:24
14,"[4.36203, 4.5731, 4.64345, 4.71381, 4.71381, 4.36203, 4.29168, 4.36203, 4.43239, 4.50274, 4.5731, 4.64345, 4.71381, 4.71381]","[-0.22604, -0.107775, -0.187071, -0.244133, 0.651028, -0.192329, -0.19168, -0.193698, -0.195776, -0.0954692, -0.100763, -0.146294, 0.710693, -0.23932]","[0.219351, 0.512433, 0.833742, 1.02729, -0.836083, 0.195621, 0.177961, 0.228175, 0.269621, 0.18199, 0.370971, 0.872224, -0.898557, 1.01534]",14/10/2024 19:46:25
16,"[4.15097, 4.22132, 4.29168, 4.01025, 4.08061, 4.15097, 4.22132, 4.29168, 4.15097, 4.08061, 4.15097, 4.22132, 4.22132, 4.29168, 4.36203, 4.36203]","[-0.0963327, -0.096722, -0.227502, -0.0346903, -0.0674285, -0.0657871, -0.0985212, -0.167432, -0.0995889, -0.068017, -0.0330141, -0.0654944, -0.417891, -0.190356, -0.188621, -1.23037]","[0.225439, 0.242314, 0.246075, 0.448706, 0.382833, 0.315247, 0.307435, 0.355159, 0.339479, 0.403743, 0.327846, 0.301263, -0.392322, 0.134496, 0.00721874, -0.972067]",14/10/2024 19:46:26
22,"[4.22132, 4.29168, 4.36203, 4.43239, 4.50274, 4.22132, 4.29168, 4.36203, 4.43239, 4.50274, 4.22132, 4.29168, 4.36203, 4.43239, 4.50274, 4.29168, 4.36203, 4.43239, 4.50274, 4.5731, 4.43239, 4.50274]","[-0.269047, -0.272389, -0.339693, -0.0944563, -0.125421, -0.281511, -0.198774, -0.0662508, -0.0331213, -0.157009, -0.265307, -0.0661989, -0.0330134, 0, 0.0674888, -0.0329097, -0.0331968, -0.0330094, 0, -0.0329037, 0, 0]","[0.346661, 0.378411, 0.565922, 0.109601, 0.0385113, 0.451251, 0.319078, 0.336019, 0.337233, -0.0383406, 0.58399, 0.333767, 0.327783, 0.328517, 0.385042, 0.318398, 0.343661, 0.327429, 0.280761, 0.317836, 0.231183, 0.237784]",14/10/2024 19:46:27
18,"[4.85452, 4.92487, 4.64345, 4.71381, 4.78416, 4.85452, 4.92487, 4.5731, 4.64345, 4.71381, 4.78416, 4.85452, 4.92487, 4.64345, 4.71381, 4.78416, 4.85452, 4.78416]","[0.0315563, 0.0318695, -0.190277, -0.126693, 0.031316, 0.0314329, 0, -0.165388, -0.128959, -0.0324022, 0.0321639, 0.0639473, 0, -0.130813, -0.032651, 0, 0.0660007, 0]","[0.13826, 0.196649, 0.131428, 0.146535, 0.0623877, 0.106396, 0.172065, 0.320532, 0.237235, 0.26684, 0.238245, 0.209983, 0.213062, 0.289816, 0.293412, 0.284811, 0.325012, 0.260905]",14/10/2024 19:46:28
19,"[4.99523, 5.06558, 5.13594, 4.92487, 4.99523, 5.06558, 5.13594, 4.99523, 5.06558, 5.13594, 5.2063, 4.99523, 5.13594, 5.2063, 5.27665, 4.99523, 5.13594, 5.2063, 5.48772]","[0.0632461, 0.063893, 0.0641417, 0.0705778, 0.0316941, 0.0644059, 0.064671, 0.0315492, 0.0322915, -0.0322878, -0.162968, -0.211575, -0.192061, -0.194425, -0.194871, -0.21413, -0.157925, -0.161612, -0.157331]","[0.149384, 0.205968, 0.223741, 0.481539, 0.166598, 0.241087, 0.257208, 0.13663, 0.253995, 0.253562, 0.272742, 0.467148, 0.188543, 0.243559, 0.252493, 0.489934, 0.113942, 0.241246, 0.0743807]",14/10/2024 19:46:29
10,"[5.34701, 5.27665, 5.34701, 5.41736, 5.27665, 5.34701, 5.41736, 5.48772, 5.55807, 5.62843]","[0.0632959, 0.0324014, 0.0324246, 0.0323844, 0, 0, 0, -0.166193, -0.168, -0.164733]","[0.154521, 0.266747, 0.269356, 0.264817, 0.3112, 0.339265, 0.340351, 0.334685, 0.364087, 0.308448]",14/10/2024 19:46:30
30,"[5.13594, 5.2063, 5.83949, 5.90985, 5.9802, 5.76914, 5.83949, 5.90985, 5.9802, 5.76914, 5.83949, 5.90985, 5.9802, 5.83949, 4.85452, 4.92487, 4.99523, 5.06558, 4.78416, 4.85452, 4.92487, 4.99523, 5.06558, 4.78416, 4.85452, 4.92487, 4.99523, 5.06558, 5.13594, 5.2063]","[0.0324365, 0.032659, -0.128552, -0.127729, -0.0955716, -0.13106, -0.130649, -0.130299, -0.131651, -0.132874, -0.132492, -0.132469, -0.137681, -0.135946, 0.0967529, 0.0965338, 0.0963137, 0.128168, 0.0689929, 0.0977862, 0.0972853, 0.0969299, 0.0960393, 0.0708359, 0.06693, 0.0654846, 0.0652854, 0.0640974, 0.0321166, 0.0323523]","[0.270678, 0.294222, 0.223851, 0.193705, 0.187704, 0.296049, 0.285608, 0.276359, 0.310347, 0.337709, 0.329455, 0.328959, 0.425649, 0.396747, 0.243596, 0.234322, 0.224578, 0.210358, 0.435618, 0.282887, 0.264657, 0.250817, 0.211747, 0.488453, 0.363919, 0.300783, 0.290798, 0.220693, 0.2321, 0.261139]",14/10/2024 19:46:31
26,"[4.71381, 4.78416, 4.85452, 4.92487, 4.99523, 5.06558, 4.92487, 4.99523, 5.06558, 5.13594, 6.19127, 6.26163, 4.99523, 5.06558, 5.13594, 6.19127, 6.26163, 4.99523, 5.06558, 4.78416, 4.85452, 4.71381, 4.78416, 4.85452, 4.92487, 4.92487]","[0.127236, 0.126482, 0.0627196, 0.0628804, 0.0635938, 0.0637919, 0.032465, 0.0324709, 0.0652561, 0.0657396, -0.132153, -0.103331, 0.0324585, 0.0324982, 0.0655634, -0.134784, -0.104223, 0.0320026, 0.0321403, 0.126209, 0.0949395, 0.125846, 0.125777, 0.0941745, -0.566178, 0.125652]","[0.172958, 0.134819, 0.0754752, 0.103915, 0.182113, 0.198248, 0.273822, 0.27447, 0.289298, 0.313027, 0.321918, 0.430163, 0.273112, 0.277434, 0.304627, 0.375776, 0.448385, 0.216521, 0.235208, 0.117945, 0.148759, 0.0905474, 0.0843379, 0.0779301, -1.01888, 0.0716279]",14/10/2024 19:46:33
17,"[4.64345, 4.71381, 4.78416, 6.26163, 4.71381, 4.78416, 4.85452, 4.92487, 4.85452, 4.92487, 4.5731, 4.64345, 4.71381, 4.5731, 4.64345, 4.71381, 4.78416]","[0.0970326, 0.0976679, 0.128747, -0.099113, 0.0646219, 0.0644538, 0.0641802, 0.0642867, 0.0323151, 0.0323483, 0.128668, 0.0969797, 0.129211, 0.127371, 0.0964743, 0.129395, 0.161082]","[0.254902, 0.278701, 0.230357, 0.325658, 0.254307, 0.244088, 0.226362, 0.233437, 0.256801, 0.260679, 0.227744, 0.252806, 0.245129, 0.17888, 0.231729, 0.250725, 0.227607]",14/10/2024 19:46:34
14,"[4.64345, 4.71381, 4.92487, 4.99523, 4.85452, 4.92487, 4.99523, 4.85452, 4.92487, 4.99523, 4.5731, 4.64345, 4.64345, 4.71381]","[0.0647107, 0.0660022, 0.0319845, 0.063905, 0.0319361, 0.0320033, 0.0637305, 0, 0.0320542, 0.0318883, 0.101748, 0.103496, 0.0634543, 0.064549]","[0.259528, 0.325077, 0.213944, 0.206865, 0.206856, 0.216626, 0.193399, 0.188655, 0.22373, 0.199579, 0.395034, 0.433616, 0.169782, 0.24993]",14/10/2024 19:46:35
19,"[4.5731, 4.64345, 4.71381, 4.85452, 4.92487, 4.99523, 4.5731, 4.64345, 4.71381, 4.64345, 4.71381, 4.85452, 4.92487, 4.99523, 4.5731, 4.64345, 4.85452, 4.92487, 4.99523]","[0.065069, 0.0647393, 0.0968499, 0.0320202, 0.032428, 0.0323945, 0.063429, 0.0958398, 0.0961757, 0.0964469, 0.0969236, 0.031716, 0.0319329, 0.0318845, 0.0685861, 0.0701483, 0, 0.0322051, 0.0321858]","[0.279487, 0.261183, 0.24758, 0.219008, 0.269736, 0.265968, 0.167435, 0.201868, 0.218227, 0.230527, 0.250563, 0.170659, 0.206373, 0.198997, 0.422715, 0.469709, 0.185187, 0.243456, 0.241026]",14/10/2024 19:46:36
9,"[4.64345, 4.71381, 4.78416, 4.85452, 4.71381, 4.64345, 4.71381, 4.78416, 4.85452]","[0.0644206, 0.0644996, 0.0973555, -0.0317119, 0.064062, 0.0644299, 0.0645506, 0.0322062, 0]","[0.242014, 0.24692, 0.267298, 0.16992, 0.218215, 0.242592, 0.250028, 0.243591, 0.171563]",14/10/2024 19:46:37
17,"[4.50274, 4.5731, 4.64345, 4.71381, 4.78416, 4.85452, 4.5731, 4.64345, 4.71381, 4.85452, 4.50274, 4.5731, 4.64345, 4.71381, 4.78416, 4.78416, 4.85452]","[0.0661807, 0.0664134, 0.0661777, 0.0987484, 0.128266, -0.0333236, 0.0651081, 0.0976933, 0.0971275, 0, 0.0657313, 0.0656629, 0.0654428, 0.097748, 0.158903, -0.574481, 0]","[0.332975, 0.342949, 0.332844, 0.314579, 0.21387, 0.354133, 0.281567, 0.279605, 0.258612, 0.259624, 0.312638, 0.309402, 0.298718, 0.281542, 0.158566, 1.2185, 0.310387]",14/10/2024 19:46:38
19,"[6.19127, 4.36203, 4.43239, 4.29168, 4.36203, 4.43239, 4.50274, 4.29168, 4.36203, 4.43239, 4.29168, 4.36203, 4.43239, 4.50274, 4.50274, 4.29168, 4.36203, 6.12091, 6.19127]","[-0.131725, 0.0953044, 0.0633994, 0.0635953, 0.0636431, 0.063659, 0.0318473, 0.0962319, 0.0968753, 0.0640537, 0.0972174, 0.0986022, 0.100156, 0.108725, 0.716157, 0.100492, 0.102089, -0.13103, -0.131583]","[0.312081, 0.17237, 0.164659, 0.182241, 0.186266, 0.187588, 0.193118, 0.220836, 0.248615, 0.217634, 0.262076, 0.310003, 0.355117, -1.27867, -0.541709, 0.364001, 0.40294, 0.295304, 0.308749]",14/10/2024 19:46:39
23,"[6.19127, 6.26163, 3.58812, 3.65848, 3.72883, 3.79919, 3.86954, 3.58812, 3.65848, 3.72883, 3.79919, 3.86954, 3.9399, 3.65848, 3.72883, 3.79919, 3.86954, 3.9399, 3.72883, 3.79919, 3.86954, 3.9399, 6.19127]","[-0.129111, -0.129201, 0, 0, 0.0360061, 0.031501, 0.0315082, 0, 0, 0.0312867, 0.0315855, 0.0315875, 0, 0.0389435, 0.0314287, 0.0316626, 0.0317331, 0, 0.0314633, 0.0316453, 0, 0, -0.12797]","[0.242014, 0.244818, 0.383074, 0.424038, 0.51944, 0.125023, 0.126822, 0.423969, 0.500733, 0.0449195, 0.144743, 0.145184, 0.147835, 0.639077, 0.105127, 0.160592, 0.17376, 0.22301, 0.115094, 0.157174, 0.187313, 0.371309, 0.20302]",14/10/2024 19:46:40
25,"[3.23635, 5.90985, 2.95492, 3.02528, 3.09563, 3.16599, 5.90985, 5.9802, 2.88457, 2.95492, 3.02528, 3.09563, 3.16599, 3.23635, 2.95492, 3.02528, 3.09563, 3.16599, 3.23635, 3.3067, 3.09563, 3.16599, 3.23635, 3.3067, 3.51777]","[-0.127789, -0.129258, -0.0672213, -0.0661038, -0.0650158, -0.0322308, -0.130924, -0.130711, -0.101686, -0.101188, -0.0658337, -0.0645492, -0.0319462, -0.0630445, -0.101724, -0.065438, -0.0321474, -0.0635529, -0.0944936, -0.0942407, -0.0633757, -0.0945894, -0.126192, -0.126012, 1.14398]","[0.196073, 0.246565, 0.375114, 0.329601, 0.276624, 0.246649, 0.292634, 0.287209, 0.393564, 0.381593, 0.317407, 0.249945, 0.20835, 0.126411, 0.394464, 0.298481, 0.236127, 0.178587, 0.113118, 0.0864273, 0.16239, 0.121691, 0.116776, 0.103967, -0.989298]",14/10/2024 19:46:41
32,"[2.6735, 2.74386, 2.81421, 3.09563, 3.16599, 5.34701, 2.88457, 2.95492, 3.02528, 3.3067, 5.27665, 5.34701, 5.41736, 2.60315, 2.6735, 2.74386, 2.81421, 2.88457, 2.95492, 5.34701, 5.41736, 5.48772, 2.60315, 2.6735, 2.74386, 2.81421, 2.88457, 2.60315, 2.6735, 2.74386, 2.81421, 2.88457]","[-0.226002, -0.226223, -0.226943, -0.321602, -0.322187, -0.126563, -0.286803, -0.286113, -0.252955, -0.490297, -0.128202, -0.127316, -0.127275, -0.271562, -0.264789, -0.256315, -0.222865, -0.288826, -0.28636, -0.159757, -0.160382, -0.161944, -0.276288, -0.265507, -0.258306, -0.22424, -0.226533, -0.281219, -0.265266, -0.226582, -0.225655, -0.228486]","[0.218596, 0.222878, 0.236248, 0.150796, 0.161921, 0.139469, 0.10764, 0.0831571, 0.0460816, 0.0953291, 0.211587, 0.176466, 0.174685, 0.370864, 0.300213, 0.166787, 0.143581, 0.158648, 0.0926688, 0.188861, 0.208104, 0.249355, 0.411634, 0.308632, 0.206809, 0.180566, 0.228746, 0.449161, 0.305841, 0.229656, 0.211698, 0.262396]",14/10/2024 19:46:42
19,"[2.81421, 2.88457, 2.95492, 4.99523, 5.06558, 2.74386, 2.81421, 2.88457, 2.95492, 2.88457, 2.95492, 4.99523, 5.06558, 2.60315, 2.74386, 2.81421, 4.92487, 4.99523, 5.06558]","[-0.419917, -0.420694, -0.4207, -0.168107, -0.165436, -0.354764, -0.389332, -0.422834, -0.422646, -0.458608, -0.423515, -0.164414, -0.162089, -0.205465, -0.319384, -0.318079, -0.168313, -0.166769, -0.165341]","[0.0839117, 0.102504, 0.102652, 0.36574, 0.321402, 0.144469, 0.155349, 0.141412, 0.138459, 0.153431, 0.151657, 0.302343, 0.252812, 0.405218, 0.0971906, 0.0393656, 0.368895, 0.344386, 0.319675]",14/10/2024 19:46:43
22,"[2.53279, 2.60315, 2.6735, 2.74386, 2.81421, 3.37706, 2.74386, 2.81421, 2.6735, 2.74386, 2.81421, 2.60315, 2.6735, 2.74386, 2.81421, 3.37706, 2.53279, 2.60315, 2.6735, 2.74386, 2.81421, 3.37706]","[-0.377772, -0.389837, -0.386026, -0.387972, -0.39009, 0.793907, -0.454308, -0.454231, -0.461646, -0.458142, -0.456078, -0.42944, -0.428564, -0.426065, -0.423622, 0.820006, -0.373936, -0.406785, -0.425715, -0.389044, -0.388327, 0.828565]","[0.371046, 0.440555, 0.0895785, 0.132411, 0.1667, 0.268752, 0.0781855, 0.0761359, 0.188884, 0.14719, 0.115413, 0.220841, 0.212133, 0.184845, 0.153204, 0.184434, 0.345064, 0.324576, 0.180671, 0.150787, 0.138781, 0.222776]",14/10/2024 19:46:44
18,"[2.39208, 2.46244, 2.53279, 4.92487, 2.39208, 2.46244, 2.53279, 2.60315, 2.46244, 2.53279, 5.2063, 4.92487, 4.99523, 2.39208, 2.46244, 2.53279, 4.78416, 4.92487]","[-0.427325, -0.429836, -0.399066, 0, -0.429855, -0.432512, -0.401145, -0.397719, -0.438448, -0.408721, 0, 0, 0, -0.422942, -0.423669, -0.390565, -0.0643253, 0]","[0.199104, 0.224653, 0.264948, 0.25156, 0.224832, 0.248767, 0.282457, 0.252865, 0.294559, 0.337614, 0.15175, 0.267898, 0.566148, 0.143088, 0.153887, 0.173422, 0.235944, 0.276241]",14/10/2024 19:46:45
22,"[2.39208, 2.46244, 2.53279, 2.60315, 2.6735, 3.23635, 3.3067, 2.39208, 2.46244, 2.53279, 2.60315, 2.6735, 3.23635, 3.3067, 2.39208, 2.46244, 2.53279, 2.60315, 2.6735, 3.23635, 3.3067, 2.53279]","[-0.399967, -0.395314, -0.392732, -0.391278, -0.389357, 0.695262, 0.738922, -0.404819, -0.398682, -0.430158, -0.393963, -0.392056, 0.702703, 0.744602, -0.406196, -0.434556, -0.432169, -0.431677, -0.395695, 0.713769, 0.710935, -0.466302]","[0.272689, 0.229508, 0.201118, 0.183024, 0.155726, 0.221049, 0.226762, 0.310653, 0.261561, 0.227709, 0.215161, 0.192934, 0.257346, 0.252148, 0.320478, 0.265555, 0.245825, 0.241528, 0.233379, 0.3023, 0.291577, 0.232399]",14/10/2024 19:46:46
16,"[2.53279, 2.60315, 2.6735, 2.74386, 2.81421, 2.53279, 2.60315, 2.6735, 2.74386, 2.81421, 2.6735, 2.74386, 2.81421, 2.60315, 2.6735, 2.74386]","[-0.381041, -0.366258, -0.420664, -0.42098, -0.421691, -0.383561, -0.366499, -0.423901, -0.423712, -0.424629, -0.426666, -0.426761, -0.42793, -0.356988, -0.388179, -0.423442]","[0.391495, 0.284288, 0.101856, 0.108537, 0.122238, 0.406361, 0.286422, 0.157156, 0.154495, 0.167014, 0.191792, 0.192862, 0.205583, 0.180919, 0.136161, 0.150603]",14/10/2024 19:46:47
25,"[2.46244, 2.53279, 2.60315, 2.6735, 2.74386, 2.81421, 3.37706, 4.85452, 2.46244, 2.53279, 2.60315, 2.6735, 2.74386, 2.81421, 3.37706, 2.39208, 2.46244, 2.53279, 2.60315, 2.6735, 2.74386, 2.81421, 2.88457, 3.37706, 4.78416]","[-0.279708, -0.312983, -0.369227, -0.372506, -0.531672, -0.388307, 0.815255, 0.0317137, -0.27119, -0.271077, -0.330337, -0.331117, -0.525817, -0.418773, 0.80588, -0.274946, -0.275079, -0.30847, -0.365974, -0.368499, -0.529404, -0.386571, -0.356255, 0.810346, 0.0662087]","[0.438122, 0.419113, 0.309474, 0.334739, -0.166077, 0.138426, 0.158728, 0.170238, 0.367408, 0.366357, 0.271274, 0.279313, -0.0874844, 0.0438075, 0.086387, 0.400601, 0.401707, 0.386115, 0.281734, 0.30352, -0.141106, 0.103437, 0.169822, 0.126355, 0.334194]",14/10/2024 19:46:48
38,"[2.6735, 2.60315, 2.6735, 2.74386, 2.60315, 2.6735, 2.46244, 2.53279, 2.60315, 2.18102, 2.25137, 2.32173, 2.39208, 2.46244, 2.53279, 2.53279, 2.0403, 2.11066, 2.18102, 2.18102, 2.25137, 2.32173, 2.39208, 2.46244, 4.71381, 4.78416, 2.0403, 2.11066, 2.18102, 2.25137, 2.25137, 2.32173, 2.39208, 2.46244, 4.71381, 4.78416, 2.11066, 2.18102]","[-0.488848, -0.491083, -0.490207, -0.455492, -0.493526, -0.491089, -0.317996, -0.611981, -0.528323, -0.455788, -0.441314, -0.395844, -0.362108, -0.286735, -0.643986, -0.254454, -0.264763, -0.231434, -0.197189, -0.886066, -0.478013, -0.398116, -0.365288, -0.330067, 0, 0, -0.303887, -0.270593, -0.2718, -0.207137, -0.582011, -0.40073, -0.369597, -0.355181, 0, 0, -0.311492, -0.275914]","[0.0604927, 0.10964, 0.0935379, 0.104605, 0.14519, 0.109735, 0.0323332, 0.204662, 0.127409, 0.395148, 0.313956, 0.234874, 0.244043, 0.105479, -0.14884, 0.116883, 0.299907, 0.305537, 0.294134, -0.81503, 0.314165, 0.256487, 0.275471, 0.268424, 0.121357, 0.169762, 0.348434, 0.361781, 0.373056, 0.42338, -0.259852, 0.279055, 0.312445, 0.152014, 0.151867, 0.181852, 0.408594, 0.408598]",14/10/2024 19:46:49
47,"[1.54782, 1.61817, 4.50274, 4.5731, 4.5731, 2.11066, 2.18102, 2.25137, 2.11066, 2.18102, 2.25137, 2.32173, 2.11066, 2.18102, 2.25137, 1.75888, 1.82924, 1.89959, 1.96995, 2.0403, 1.61817, 1.68853, 1.75888, 1.82924, 1.89959, 1.96995, 2.0403, 4.15097, 4.22132, 4.29168, 4.36203, 1.54782, 1.61817, 1.68853, 1.75888, 1.82924, 1.89959, 1.96995, 4.22132, 4.29168, 4.36203, 1.54782, 1.61817, 1.68853, 1.75888, 1.82924, 4.29168]","[-0.373934, -0.374197, -0.0939074, -0.0940183, -0.0625479, -0.600605, -0.600022, -0.599073, -0.598618, -0.598298, -0.597874, -0.597457, -0.635981, -0.597529, -0.597428, -0.487913, -0.488411, -0.488889, -0.525617, -0.526426, -0.582718, -0.573977, -0.41852, -0.48906, -0.490281, -0.488302, -0.524717, -0.0997849, -0.0974123, -0.0640479, -0.0636128, -0.400569, -0.500126, -0.577004, -0.480576, -0.490371, -0.491645, -0.45958, -0.0972863, -0.0965279, -0.0966195, -0.369671, -0.405283, -0.51053, -0.565456, -0.506069, -0.0959222]","[0.345052, 0.346913, 0.0203691, 0.0526029, 0.0151041, -0.0967212, -0.0875114, -0.0699026, -0.0596285, -0.0511684, -0.0370573, 0.0121438, -0.0270302, -0.018995, -0.00796064, -0.0119502, 0.0449134, 0.061772, -0.083459, -0.0987296, 0.263862, 0.208199, 0.0279414, 0.0667457, 0.0950199, 0.0400852, -0.0621843, 0.34498, 0.26941, 0.217222, 0.183724, 0.27773, 0.212494, 0.229194, 0.328971, 0.0967754, 0.118786, 0.16565, 0.264694, 0.234065, 0.237998, 0.313034, 0.314005, 0.286297, 0.36763, 0.257589, 0.206011]",14/10/2024 19:46:50
27,"[1.33675, 1.40711, 1.47746, 1.54782, 1.61817, 1.68853, 1.33675, 1.40711, 1.47746, 1.54782, 1.61817, 1.68853, 1.75888, 1.33675, 1.40711, 1.47746, 1.54782, 1.61817, 1.68853, 1.89959, 3.79919, 3.86954, 1.54782, 1.61817, 1.68853, 1.75888, 3.9399]","[-0.470773, -0.471894, -0.472779, -0.675132, -0.570077, -0.60688, -0.473698, -0.476124, -0.517235, -0.675422, -0.605552, -0.605474, -0.599596, -0.481585, -0.481162, -0.483551, -0.676414, -0.612616, -0.613883, -0.680799, -0.303275, -0.331553, -0.635885, -0.597981, -0.598043, -0.561625, -0.164545]","[0.267032, 0.274946, 0.281019, -0.00135231, 0.17716, 0.165654, 0.287165, 0.302696, 0.324005, 0.0269238, 0.153771, 0.153038, 0.0800971, 0.334578, 0.332242, 0.345192, 0.0565469, 0.208974, 0.217291, -0.118502, 0.343008, 0.283696, -0.021724, 0.0410941, 0.0432227, 0.0702168, 0.304864]",14/10/2024 19:46:51
26,"[1.61817, 1.68853, 1.75888, 1.82924, 4.50274, 1.40711, 1.47746, 1.54782, 1.61817, 1.68853, 1.75888, 1.82924, 1.61817, 1.68853, 1.75888, 1.89959, 4.01025, 1.47746, 1.61817, 1.68853, 1.75888, 3.9399, 4.01025, 4.08061, 4.50274, 4.50274]","[-0.641709, -0.640555, -0.636764, -0.637124, -0.253991, -0.548455, -0.549028, -0.611145, -0.646458, -0.644808, -0.638019, -0.599209, -0.651188, -0.648598, -0.639894, -0.727901, -0.191424, -0.536059, -0.642005, -0.640569, -0.635722, -0.192403, -0.191972, -0.223614, -0.253506, 0.833634]","[0.12693, 0.114163, 0.0533753, -0.0618208, 0.100526, 0.287298, 0.29045, 0.198839, 0.169312, 0.155964, 0.0789456, -0.0726935, 0.202473, 0.185108, 0.106141, -0.165166, 0.170443, 0.205549, 0.129996, 0.114332, -0.00539544, 0.197527, 0.186131, 0.164824, 0.0798423, -1.03968]",14/10/2024 19:46:53
30,"[1.40711, 1.47746, 1.54782, 1.61817, 1.68853, 1.75888, 1.40711, 1.47746, 1.54782, 1.61817, 1.68853, 1.75888, 1.40711, 1.47746, 1.54782, 1.61817, 1.68853, 1.75888, 1.89959, 1.96995, 1.82924, 1.89959, 1.96995, 1.47746, 1.54782, 1.61817, 1.68853, 1.75888, 1.82924, 1.89959]","[-0.53964, -0.543255, -0.585925, -0.645178, -0.59764, -0.635716, -0.583055, -0.549174, -0.554667, -0.642645, -0.5975, -0.635717, -0.639104, -0.646595, -0.658818, -0.647991, -0.600083, -0.599938, -0.727617, -0.727316, -0.803546, -0.760622, -0.761836, -0.671235, -0.682768, -0.699696, -0.685617, -0.90975, -0.802119, -0.802337]","[0.232516, 0.256603, 0.281208, 0.159056, 0.026201, -0.00353099, 0.265745, 0.291252, 0.319543, 0.136382, 0.0166259, 0.00387836, 0.339148, 0.366316, 0.405656, 0.180775, 0.0885197, 0.0861024, -0.163242, -0.161177, -0.054588, -0.0737095, -0.0893106, 0.302302, 0.34507, 0.243419, 0.160627, -0.143382, -0.0149823, -0.0254222]",14/10/2024 19:46:54
20,"[1.54782, 1.61817, 1.68853, 1.75888, 1.82924, 1.47746, 1.54782, 1.61817, 1.75888, 1.54782, 1.61817, 1.68853, 1.75888, 1.82924, 1.47746, 1.54782, 1.61817, 1.68853, 1.75888, 1.82924]","[-0.692707, -0.684841, -0.575673, -0.580212, -0.546004, -0.769391, -0.769363, -0.768723, -0.583874, -0.668927, -0.628722, -0.567375, -0.534412, -0.536251, -0.71047, -0.675884, -0.67767, -0.570876, -0.538287, -0.539887]","[0.377104, 0.352068, 0.220233, 0.24933, 0.273324, 0.153669, 0.153481, 0.149147, 0.270263, 0.292806, 0.296206, 0.151682, 0.191753, 0.20709, 0.289772, 0.320403, 0.327031, 0.183975, 0.222749, 0.23425]",14/10/2024 19:46:55
22,"[1.54782, 1.61817, 1.68853, 1.75888, 1.82924, 1.89959, 1.68853, 1.75888, 1.54782, 1.61817, 1.68853, 1.75888, 3.9399, 4.01025, 1.47746, 1.54782, 1.61817, 1.68853, 1.75888, 1.82924, 3.79919, 4.01025]","[-0.701748, -0.717265, -0.703322, -0.724221, -0.560109, -0.56045, -0.691814, -0.657162, -0.689537, -0.685338, -0.677127, -0.716484, -0.253585, -0.253517, -0.72843, -0.695575, -0.706846, -0.679722, -0.716702, -0.53941, -0.271615, -0.254694]","[0.253018, 0.314919, 0.260106, 0.138039, 0.0104459, -0.0345525, -0.20172, -0.237326, 0.187751, 0.158508, -0.0705018, -0.0385132, 0.0835813, 0.0804024, 0.16869, 0.222712, 0.275206, 0.10673, 0.0445435, 0.230889, 0.37136, 0.12446]",14/10/2024 19:46:56
17,"[1.54782, 1.68853, 1.75888, 1.82924, 3.9399, 1.61817, 1.68853, 1.75888, 1.54782, 1.61817, 1.68853, 1.75888, 1.54782, 1.61817, 1.68853, 1.75888, 1.82924]","[-0.76867, -0.721323, -0.793138, -0.560218, -0.194651, -0.761233, -0.716965, -0.717117, -0.765009, -0.676869, -0.720313, -0.722654, -0.765272, -0.650112, -0.699324, -0.782765, -0.560455]","[0.148782, 0.328814, 0.26599, 0.021331, 0.248127, -0.0819455, -0.0508699, -0.0541785, 0.120758, 0.0658049, 0.101125, 0.124602, 0.122998, 0.378204, 0.241633, 0.224784, -0.0347947]",14/10/2024 19:46:57
26,"[1.47746, 1.54782, 1.61817, 1.68853, 1.75888, 1.75888, 1.82924, 1.61817, 1.68853, 1.75888, 1.82924, 3.9399, 1.61817, 1.68853, 1.75888, 1.54782, 1.61817, 1.68853, 1.75888, 2.53279, 1.47746, 1.54782, 1.61817, 1.68853, 1.75888, 1.82924]","[-0.721862, -0.677463, -0.605436, -0.569559, -0.508211, -1.17032, -0.560075, -0.619836, -0.599207, -0.675348, -0.675907, -0.222027, -0.517003, -0.552185, -0.549413, -0.603394, -0.564608, -0.524383, -0.521984, -1.08933, -0.673267, -0.643175, -0.57853, -0.538794, -0.498666, -0.768984]","[0.330603, 0.326272, 0.36686, 0.383943, 0.271809, 0.557882, 0.000542164, 0.252373, 0.0726565, -0.0232532, -0.0439826, 0.115099, 0.322786, 0.307145, 0.292546, 0.359078, 0.364135, 0.359059, 0.347785, -0.928056, 0.310377, 0.354248, 0.416721, 0.418835, 0.415819, -0.150927]",14/10/2024 19:46:58
16,"[1.75888, 1.82924, 1.89959, 1.54782, 1.61817, 1.68853, 1.75888, 1.82924, 1.89959, 1.89959, 1.96995, 1.96995, 1.75888, 1.68853, 1.75888, 1.82924]","[-0.677843, -0.543104, -0.52694, -0.480145, -0.486298, -0.68106, -0.641562, -0.76995, -1.38849, -0.530959, -1.11315, -0.498778, -0.684406, -0.600254, -0.637669, -0.638784]","[0.0821376, -0.255645, -0.107275, 0.326536, 0.359374, 0.121179, 0.125377, 0.157345, 0.598482, -0.158668, 0.513835, -0.200711, 0.151202, 0.0912828, 0.0727444, 0.0910567]",14/10/2024 19:46:59
24,"[2.18102, 2.25137, 2.32173, 2.46244, 2.11066, 2.18102, 2.25137, 2.32173, 2.39208, 2.46244, 2.53279, 2.11066, 2.18102, 2.25137, 2.32173, 2.39208, 2.46244, 2.53279, 2.18102, 2.25137, 2.39208, 2.46244, 2.53279, 2.53279]","[-0.422018, -0.387426, -0.387745, -0.429655, -0.425939, -0.42418, -0.423956, -0.387505, -0.399294, -0.398754, -0.39241, -0.427305, -0.426865, -0.426767, -0.421782, -0.405395, -0.403278, -0.393036, -0.429777, -0.43019, -0.409318, -0.405246, -0.387327, -0.384494]","[0.128028, 0.121965, 0.128175, 0.222915, 0.183363, 0.161014, 0.157932, 0.123529, 0.266927, 0.262205, 0.197258, 0.198889, 0.194033, 0.192936, 0.123875, 0.314808, 0.299206, 0.204675, 0.224087, 0.228004, 0.341514, 0.313743, 0.119976, 0.0218894]",14/10/2024 19:47:01
30,"[2.46244, 2.53279, 2.6735, 2.39208, 2.46244, 2.53279, 2.60315, 2.6735, 2.32173, 2.39208, 2.46244, 2.53279, 2.60315, 2.6735, 2.39208, 2.46244, 2.60315, 4.5731, 3.51777, 3.58812, 3.65848, 3.79919, 3.86954, 3.51777, 3.58812, 3.65848, 3.72883, 3.79919, 3.72883, 3.79919]","[-0.323673, -0.321867, -0.321703, -0.358228, -0.359369, -0.33023, -0.350963, -0.318593, -0.360171, -0.360946, -0.362514, -0.348884, -0.384859, -0.38498, -0.364556, -0.366898, -0.364403, 0.418849, -0.0669995, -0.0673839, -0.0685084, -0.0318617, -0.0316742, -0.0683376, -0.0689088, -0.0699736, -0.0628371, -0.0632077, -0.0945365, -0.0633474]","[0.187108, 0.155928, 0.152773, 0.198217, 0.212815, 0.270146, 0.01739, 0.0683236, 0.222459, 0.231356, 0.248301, 0.4174, 0.0477566, -0.0536429, 0.2686, 0.289926, 0.267139, 0.0475235, 0.366629, 0.381187, 0.420191, 0.195409, 0.162829, 0.414572, 0.432991, 0.464773, 0.0970952, 0.145304, 0.11704, 0.159653]",14/10/2024 19:47:02
29,"[2.60315, 2.6735, 2.74386, 2.81421, 2.6735, 2.74386, 2.81421, 2.88457, 2.6735, 2.74386, 2.81421, 2.88457, 2.74386, 2.81421, 2.88457, 3.51777, 3.9399, 3.9399, 3.3067, 3.37706, 3.44741, 3.44741, 3.51777, 3.58812, 2.60315, 2.6735, 2.74386, 3.51777, 3.58812]","[-0.269945, -0.326657, -0.355564, -0.353833, -0.391801, -0.389527, -0.387687, -0.386417, -0.392651, -0.390985, -0.389713, -0.390019, -0.42664, -0.426466, -0.392464, 0.0628114, 0.0312889, 0.03146, -0.0674812, -0.0674372, -0.0333814, 0, -0.0319652, 0, -0.234391, -0.23585, -0.267935, -0.0316758, 0]","[0.355536, 0.229018, 0.158594, 0.125987, 0.189745, 0.158352, 0.127067, 0.0997092, 0.200156, 0.17915, 0.161163, 0.165669, 0.191493, 0.189512, 0.197911, 0.0927991, 0.0464841, 0.114178, 0.384762, 0.383152, 0.358787, 0.299604, 0.211141, 0.229426, 0.342647, 0.359279, 0.335277, 0.163138, 0.2055]",14/10/2024 19:47:03
27,"[2.74386, 2.81421, 2.88457, 2.95492, 3.02528, 3.09563, 3.16599, 2.74386, 2.81421, 2.88457, 3.02528, 3.09563, 3.16599, 2.81421, 2.88457, 2.95492, 3.02528, 3.09563, 3.16599, 3.23635, 2.74386, 2.81421, 2.88457, 2.95492, 3.02528, 3.09563, 3.16599]","[-0.356858, -0.323511, -0.323999, -0.262678, -0.0687027, -0.0347989, -0.0317868, -0.358306, -0.358246, -0.324812, -0.0329576, 0, 0.0333942, -0.319954, -0.287781, -0.0979472, -0.0334598, 0, 0, 0, -0.354618, -0.321472, -0.321993, -0.229745, -0.0682193, -0.0342269, -0.0324009]","[0.179009, 0.184538, 0.192169, 0.27373, 0.426466, 0.455144, 0.183136, 0.199249, 0.198449, 0.204199, 0.322769, 0.309196, 0.359806, 0.113482, 0.134801, 0.288468, 0.36498, 0.35991, 0.398751, 0.0232561, 0.141739, 0.148193, 0.158317, 0.281746, 0.410617, 0.419718, 0.266696]",14/10/2024 19:47:04
31,"[2.81421, 2.88457, 2.95492, 3.02528, 3.09563, 2.81421, 2.88457, 2.95492, 3.02528, 3.09563, 3.09563, 2.81421, 2.88457, 2.95492, 3.02528, 3.09563, 2.81421, 2.88457, 2.95492, 2.81421, 2.88457, 2.95492, 3.02528, 3.09563, 2.81421, 2.81421, 2.88457, 2.95492, 3.02528, 3.09563, 3.16599]","[-0.259464, -0.296492, -0.340284, -0.383952, -0.353847, -0.324147, -0.325568, -0.323487, -0.384952, -0.384651, -0.101542, -0.32456, -0.326668, -0.357118, -0.386645, -0.385835, 0.0634043, 0.0636559, 0.0638201, 0.0316155, 0.0318631, 0.0318671, 0.0319632, 0.0339744, 0, -0.419382, 0, 0, 0, 0, -0.132368]","[0.226671, 0.27423, 0.35881, 0.408605, 0.126268, 0.194422, 0.214754, 0.184145, 0.0523839, 0.035471, 0.390151, 0.200557, 0.229161, 0.18282, 0.105162, 0.0841904, 0.165122, 0.187329, 0.200434, 0.151113, 0.195634, 0.196263, 0.210846, 0.402748, 0.344514, -0.565748, 0.229279, 0.205756, 0.232256, 0.47641, 1.07748]",14/10/2024 19:47:05
32,"[2.74386, 2.81421, 2.88457, 2.95492, 3.02528, 2.74386, 2.81421, 2.88457, 2.95492, 3.02528, 2.81421, 2.88457, 2.95492, 3.02528, 3.16599, 3.23635, 3.3067, 3.3067, 3.79919, 3.02528, 3.09563, 3.16599, 3.23635, 3.3067, 3.79919, 3.02528, 3.09563, 3.16599, 3.23635, 3.3067, 3.37706, 2.95492]","[0, 0, 0.0320395, 0.0327872, 0.0325569, 0, 0, 0, 0.0333137, 0.0326812, 0, 0, 0, -0.0326397, -0.293631, -0.293954, -0.260768, -1.07905, 0.932273, -0.243371, -0.27993, -0.296329, -0.293126, -0.258789, 0.954348, -0.283551, -0.28775, -0.283279, -0.291343, -0.289492, -0.254964, 0.0650282]","[0.191684, 0.19158, 0.221698, 0.306862, 0.2837, 0.215508, 0.220782, 0.241244, 0.353327, 0.296458, 0.248336, 0.270267, 0.360422, 0.292265, 0.238308, 0.242665, 0.246972, -0.782703, 0.233157, 0.432865, 0.439766, 0.272325, 0.23132, 0.215323, 0.292632, 0.465489, 0.493002, 0.463625, 0.204564, 0.172058, 0.132491, 0.277298]",14/10/2024 19:47:06
36,"[3.16599, 3.23635, 3.3067, 3.37706, 3.16599, 3.23635, 3.3067, 3.37706, 3.44741, 3.51777, 3.58812, 3.58812, 3.65848, 3.65848, 3.09563, 3.16599, 3.16599, 3.23635, 3.3067, 3.37706, 3.51777, 3.79919, 3.09563, 3.16599, 3.23635, 3.3067, 3.44741, 3.51777, 3.72883, 3.79919, 3.16599, 3.23635, 3.44741, 3.51777, 3.44741, 3.51777]","[0, 0.031666, 0.0317037, 0.0315716, 0.0318282, 0.0316774, 0.0316542, 0.0314609, 0, 0, 0.742882, -0.208227, -0.176462, 0.770713, -0.0323402, 0.0977671, -0.584711, 0.0316528, 0.0316258, 0.0313991, 1.16796, -0.228582, -0.0327087, -0.0658586, -0.0939962, 0, 0.031373, 0.0315751, -0.231917, -0.265318, -0.0655006, -0.0654564, 0.0312586, 0.031325, 0.0313164, 0.0316154]","[0.171867, 0.161248, 0.168403, 0.141687, 0.190023, 0.163453, 0.158938, 0.114416, -0.0922873, -0.0167836, -0.738925, 0.92145, -1.20678, -0.832721, 0.25973, 0.282217, -1.1633, 0.158673, 0.153238, 0.0958032, -0.912911, 0.263934, 0.299195, 0.318552, -0.0479456, 0.0889651, 0.0867269, 0.142469, 0.311964, 0.306443, 0.301565, 0.299389, 0.0149488, 0.0668069, 0.0625535, 0.151086]",14/10/2024 19:47:07
30,"[4.01025, 3.9399, 4.01025, 4.08061, 4.15097, 4.22132, 4.29168, 3.58812, 3.65848, 3.72883, 3.86954, 3.9399, 4.08061, 4.15097, 4.22132, 3.51777, 3.58812, 3.65848, 3.72883, 3.79919, 4.15097, 4.22132, 3.51777, 3.58812, 3.65848, 3.72883, 3.79919, 3.58812, 3.65848, 3.72883]","[0, 0, -0.0316994, -0.0678025, -0.206254, -0.230245, -0.227947, 0, 0.0329644, 0.0348745, 0.0315039, 0.0313681, -0.160244, -0.195301, -0.229107, 0, 0, 0, 0.0336386, 0.085606, -0.193357, -0.195768, 0, 0, 0, 0, 0.070016, -0.0329391, -0.0326396, 0]","[0.0734378, 0.0832285, 0.167608, 0.396284, 0.413921, 0.289034, 0.253602, 0.283348, 0.323388, 0.459553, -0.12575, -0.0848915, 0.20401, 0.260784, 0.272143, 0.290237, 0.289772, 0.30998, 0.378641, 0.751037, 0.220539, 0.26947, 0.323489, 0.313948, 0.319478, 0.338166, 0.465976, 0.321086, 0.292257, 0.243665]",14/10/2024 19:47:08
22,"[4.08061, 4.15097, 4.01025, 4.08061, 4.15097, 4.22132, 4.29168, 4.36203, 4.01025, 4.08061, 4.15097, 4.22132, 4.29168, 4.36203, 4.50274, 4.5731, 4.08061, 4.22132, 4.29168, 4.50274, 4.5731, 4.22132]","[0.0327885, 0.0664843, 0.0328454, 0.0328999, 0.0667105, 0.0670825, 0.0647798, -0.0631578, 0.0331855, 0.0333387, 0.068861, 0.116314, 0.0657208, 0, -0.163378, -0.164882, 0.0339486, 0.0632488, 0.0656352, -0.166619, -0.166933, 0.0644777]","[0.306988, 0.345919, 0.3124, 0.317488, 0.355192, 0.369834, 0.263506, 0.139802, 0.342709, 0.355357, 0.43149, 0.630339, 0.312141, 0.169684, 0.281499, 0.311234, 0.400963, 0.149671, 0.308083, 0.341896, 0.34709, 0.245571]",14/10/2024 19:47:09
16,"[4.43239, 4.50274, 4.5731, 4.43239, 4.50274, 4.5731, 4.43239, 4.50274, 4.5731, 4.85452, 4.92487, 4.85452, 4.92487, 4.92487, 4.99523, 4.78416]","[0.130941, 0.0979637, 0.0981515, 0.0984197, 0.0983048, 0.0989326, 0.0991153, 0.0992577, 0.134389, -0.164251, -0.164754, -0.198856, -0.162919, -0.165268, -0.165345, 0.0353135]","[0.293064, 0.289035, 0.295381, 0.304181, 0.300448, 0.320232, 0.325727, 0.329934, 0.368295, 0.299174, 0.308839, 0.320311, 0.271689, 0.31836, 0.319754, 0.484058]",14/10/2024 19:47:10
21,"[4.64345, 4.71381, 4.78416, 4.85452, 4.5731, 4.64345, 4.71381, 4.78416, 4.85452, 4.92487, 4.71381, 4.78416, 5.13594, 5.2063, 5.27665, 5.13594, 5.2063, 5.27665, 5.34701, 5.27665, 5.34701]","[0.0983938, 0.0646483, 0.0650416, 0.0329654, 0.0678131, 0.099664, 0.0654729, 0.0660852, 0.0333937, 0.033003, 0.0663286, 0.0671061, -0.166054, -0.166592, -0.165489, -0.167899, -0.166557, -0.164168, -0.12952, -0.131185, -0.131153]","[0.303344, 0.255873, 0.278017, 0.323475, 0.396658, 0.341601, 0.300204, 0.328778, 0.359767, 0.326862, 0.339356, 0.370737, 0.33229, 0.341445, 0.322349, 0.362515, 0.340862, 0.297552, 0.254447, 0.299145, 0.298336]",14/10/2024 19:47:11
23,"[4.71381, 4.78416, 4.85452, 4.64345, 4.71381, 5.34701, 5.2063, 5.27665, 5.34701, 5.41736, 5.2063, 5.27665, 5.34701, 5.41736, 4.78416, 5.06558, 5.13594, 5.2063, 4.71381, 4.78416, 4.85452, 5.13594, 5.2063]","[0.063767, 0.0638433, 0.0958319, 0.0339205, 0.032848, -0.193145, -0.226059, -0.194173, -0.194457, -0.194862, -0.195667, -0.195605, -0.195906, -0.196232, 0.0629104, -0.167417, -0.16532, -0.165984, 0.0317981, 0.0633921, 0.0635528, -0.166926, -0.167933]","[0.196301, 0.202212, 0.201465, 0.399006, 0.31265, 0.215659, 0.21972, 0.23835, 0.244213, 0.252312, 0.267624, 0.266473, 0.271985, 0.277804, 0.108391, 0.354926, 0.319295, 0.331079, 0.18504, 0.16396, 0.17858, 0.346979, 0.363048]",14/10/2024 19:47:12
8,"[4.64345, 4.71381, 4.71381, 4.64345, 4.71381, 4.64345, 4.71381, 4.78416]","[0.0337947, 0.0676218, 0.0659163, 0.0334309, 0.0674328, 0.0663601, 0.0665095, 0.0323673]","[0.390087, 0.389859, 0.321193, 0.36271, 0.38299, 0.340695, 0.346968, 0.262866]",14/10/2024 19:47:13
15,"[4.71381, 4.78416, 4.85452, 4.5731, 4.64345, 4.71381, 4.78416, 4.85452, 4.71381, 4.78416, 4.78416, 4.71381, 4.78416, 4.85452, 4.99523]","[0.0647803, 0.0642083, 0.0955065, 0.0340053, 0.101617, 0.0652747, 0.0648053, 0.0633838, 0.0660079, 0.0652657, 0.0631699, 0.0634353, 0.0636149, 0.0638782, -0.133072]","[0.263534, 0.228253, 0.184094, 0.404873, 0.391937, 0.290249, 0.264963, 0.163169, 0.325335, 0.289787, 0.141154, 0.168028, 0.183902, 0.204856, 0.341902]",14/10/2024 19:47:14
17,"[4.64345, 4.64345, 4.71381, 4.78416, 4.85452, 4.92487, 4.99523, 4.71381, 4.78416, 4.85452, 4.92487, 4.99523, 4.71381, 4.78416, 4.92487, 4.99523, 5.06558]","[0.0666238, 0.0994755, 0.133652, 0.131032, 0.0649536, -0.266231, -0.199463, 0.0635976, 0.0635363, 0.095751, -0.129949, -0.129112, 0.0647962, 0.0638209, -0.164004, -0.163437, -0.129505]","[0.351672, 0.336247, 0.353822, 0.295351, 0.273238, 0.316855, 0.329246, 0.182437, 0.177141, 0.1973, 0.266774, 0.242067, 0.264446, 0.200494, 0.294297, 0.282731, 0.253981]",14/10/2024 19:47:15
11,"[4.71381, 4.78416, 4.92487, 4.78416, 4.85452, 4.85452, 4.78416, 4.85452, 4.85452, 4.92487, 4.99523]","[0.0331422, 0.0330081, -0.202154, 0.0631534, 0.0627948, -1.10401, 0.0634174, 0.0626779, -0.627526, -0.285076, -0.233132]","[0.339021, 0.327318, 0.365737, 0.139312, 0.0899276, -1.2504, 0.166353, 0.066117, 1.07127, 0.475748, 0.327462]",14/10/2024 19:47:16
12,"[4.71381, 4.78416, 4.92487, 4.64345, 4.71381, 4.78416, 4.85452, 4.92487, 4.78416, 4.71381, 4.78416, 4.92487]","[0.0643452, 0.0632801, -0.168087, 0, 0.0343791, 0.0690401, -0.20337, -0.165664, 0.0632581, 0.0645961, 0.0643852, -0.159747]","[0.237225, 0.152914, 0.365435, 0.428142, 0.429527, 0.437082, 0.380839, 0.325461, 0.150639, 0.25277, 0.239779, 0.188511]",14/10/2024 19:47:17
18,"[4.64345, 4.71381, 4.78416, 4.85452, 4.92487, 4.99523, 4.64345, 4.71381, 4.78416, 4.78416, 4.85452, 4.92487, 4.99523, 4.85452, 4.92487, 4.99523, 4.85452, 4.92487]","[0.0640498, 0.0640589, 0.0641748, -0.22519, -0.194217, -0.162792, 0.0647184, 0.0647306, 0.0981609, -0.286094, -0.226886, -0.19598, -0.196116, -0.229707, -0.197866, -0.19793, -0.191997, -0.223773]","[0.217355, 0.218, 0.225995, 0.202034, 0.239276, 0.268895, 0.259974, 0.260679, 0.295695, -0.0823724, 0.23522, 0.273316, 0.275749, 0.281182, 0.305081, 0.306092, 0.186813, 0.16897]",14/10/2024 19:47:18
13,"[4.71381, 4.78416, 4.85452, 4.92487, 4.64345, 4.71381, 4.78416, 4.85452, 4.92487, 4.99523, 4.71381, 4.78416, 4.85452]","[0.0655078, 0.0656929, -0.128441, -0.136627, 0.100268, 0.0668723, 0.0671922, -0.158328, -0.166454, -0.15725, 0.0343343, 0.0695419, 0.0726594]","[0.301917, 0.310828, 0.22002, 0.408411, 0.358101, 0.361652, 0.374015, 0.134194, 0.339126, -0.0671053, 0.426672, 0.452256, 0.53369]",14/10/2024 19:47:19
20,"[4.85452, 4.92487, 4.99523, 5.06558, 4.71381, 4.78416, 4.85452, 4.92487, 4.99523, 4.71381, 4.78416, 4.85452, 4.92487, 4.85452, 4.99523, 4.85452, 4.92487, 4.99523, 5.06558, 9.42762]","[0.0329738, -0.201387, -0.13034, -0.0964732, 0.0650075, 0.0655385, 0.0333974, -0.111906, -0.196753, 0.0660538, 0.0665254, 0.0336434, 0, 0.0336877, -0.0948506, 0.0316311, -0.0630404, -0.0952086, -0.0950578, 0.0674594]","[0.32424, 0.355801, 0.277472, 0.231682, 0.276178, 0.303419, 0.360061, 0.574426, 0.644682, 0.327385, 0.347625, 0.378997, 0.429919, 0.382291, 0.142388, 0.154327, 0.125904, 0.166511, 0.156822, 0.383967]",14/10/2024 19:47:21
19,"[4.85452, 4.92487, 4.92487, 4.99523, 4.85452, 4.92487, 4.99523, 5.06558, 4.71381, 4.78416, 4.78416, 4.85452, 4.92487, 4.99523, 4.78416, 4.85452, 4.92487, 4.99523, 5.06558]","[0.0326667, -0.264614, 0.0970597, -0.192077, -0.161873, -0.191592, -0.229316, -0.255718, 0.034379, 0.0347121, 0.0343504, 0.0653208, 0.033174, 0, 0.0651965, 0.0653449, 0.0670043, -0.0333848, 0]","[0.295003, 0.298128, 0.255968, 0.188953, 0.247649, 0.175397, 0.275333, 0.525989, 0.429522, 0.450008, 0.427701, 0.292599, 0.341735, 0.382715, 0.286212, 0.293821, 0.366816, 0.359053, 0.350143]",14/10/2024 19:47:22
9,"[4.78416, 4.85452, 4.92487, 4.99523, 5.06558, 4.99523, 4.92487, 4.99523, 5.06558]","[-0.24054, -0.237764, 0.0316937, 0.0317131, 0.063765, 0.0318182, 0.0321129, 0.0321905, 0.0322554]","[0.407183, 0.379751, 0.166535, 0.170138, 0.196143, 0.188384, 0.231616, 0.241619, 0.249654]",14/10/2024 19:47:23
22,"[4.64345, 4.71381, 4.78416, 4.85452, 4.92487, 4.64345, 4.71381, 4.78416, 4.85452, 4.64345, 4.71381, 4.78416, 4.85452, 5.69878, 5.76914, 5.83949, 5.90985, 5.90985, 4.92487, 4.99523, 4.92487, 4.99523]","[-0.193717, -0.195311, -0.195684, -0.19681, -0.174041, -0.228162, -0.230192, -0.230543, -0.228958, -0.230999, -0.232918, -0.233505, -0.230846, -0.099811, -0.131351, -0.127537, -0.12704, -0.127186, -0.172509, -0.173148, -0.17196, -0.174131]","[0.228586, 0.260987, 0.267934, 0.287797, 0.445668, 0.257154, 0.288273, 0.293261, 0.269834, 0.299624, 0.324789, 0.332043, 0.297513, 0.345704, 0.303186, 0.185894, 0.16394, 0.170711, 0.426888, 0.434851, 0.419888, 0.44673]",14/10/2024 19:47:24
25,"[6.19127, 6.19127, 6.05056, 6.12091, 5.9802, 6.05056, 6.12091, 5.90985, 5.9802, 6.05056, 6.12091, 5.90985, 5.9802, 4.92487, 4.71381, 4.78416, 4.85452, 4.71381, 4.78416, 4.71381, 4.78416, 4.85452, 4.71381, 4.78416, 4.85452]","[-0.224357, -0.919945, -0.193107, -0.193233, -0.227762, -0.194791, -0.195443, -0.269461, -0.233236, -0.231941, -0.232454, -0.273018, -0.273059, -0.224152, -0.128639, -0.129136, -0.128871, -0.131863, -0.101112, -0.16611, -0.19648, -0.196495, -0.199803, -0.199461, -0.165822]","[0.183369, -0.785491, 0.214775, 0.21771, 0.250511, 0.250923, 0.263462, 0.350786, 0.328743, 0.312268, 0.318921, 0.384019, 0.384381, 0.178458, 0.22676, 0.242794, 0.23441, 0.315296, 0.37972, 0.333253, 0.28214, 0.282401, 0.334121, 0.329222, 0.328258]",14/10/2024 19:47:25
19,"[4.22132, 4.29168, 4.36203, 4.43239, 4.15097, 4.22132, 4.29168, 4.43239, 4.64345, 4.64345, 4.71381, 4.71381, 4.15097, 4.22132, 4.29168, 4.36203, 4.43239, 4.15097, 4.22132]","[-0.128813, -0.128862, -0.128212, -0.126917, -0.171904, -0.167848, -0.131955, -0.126385, 0.708907, -0.355668, 0.692849, -0.355958, -0.171404, -0.138834, -0.13539, -0.160033, -0.159289, -0.172155, -0.139242]","[0.232537, 0.234106, 0.211946, 0.158002, 0.419165, 0.361728, 0.317404, 0.129118, -0.766934, 0.160346, -0.746785, 0.16509, 0.412639, 0.443497, 0.386891, 0.19761, 0.172934, 0.422395, 0.449592]",14/10/2024 19:47:26
21,"[3.3067, 3.37706, 3.44741, 3.3067, 3.37706, 3.44741, 3.51777, 3.23635, 3.3067, 3.37706, 3.44741, 3.16599, 3.23635, 3.3067, 3.37706, 3.44741, 3.16599, 3.23635, 3.16599, 3.72883, 3.72883]","[-0.254606, -0.254348, -0.25424, -0.288101, -0.287778, -0.255029, -0.254615, -0.22819, -0.355471, -0.357643, -0.324254, -0.229622, -0.230097, -0.220917, -0.190476, -0.157376, -0.272119, -0.241846, -0.276478, 0.993256, -0.226242]","[0.121745, 0.113354, 0.109637, 0.142549, 0.134741, 0.134359, 0.122023, 0.257616, 0.157035, 0.190267, 0.19603, 0.279926, 0.286893, 0.0584495, 0.138992, 0.0780178, 0.37597, 0.41929, 0.413165, 0.369542, 0.223251]",14/10/2024 19:47:27
22,"[1.96995, 2.0403, 2.11066, 2.18102, 1.89959, 1.96995, 2.0403, 2.11066, 2.18102, 1.89959, 1.96995, 2.0403, 2.11066, 2.18102, 2.32173, 1.89959, 1.96995, 2.0403, 2.11066, 2.18102, 2.25137, 1.89959]","[-0.365275, -0.362308, -0.363385, -0.36127, -0.407423, -0.323964, -0.289532, -0.291338, -0.370211, -0.321974, -0.322583, -0.290172, -0.290699, -0.32359, -0.418532, -0.456053, -0.321807, -0.323548, -0.323675, -0.389281, -0.488189, -0.48793]","[0.27535, 0.246149, 0.257185, 0.234969, 0.328942, 0.191621, 0.172844, 0.204479, 0.317308, 0.15797, 0.169023, 0.184708, 0.193913, 0.185792, 0.0288574, -0.114977, 0.154784, 0.185125, 0.187138, 0.154541, 0.0344082, -0.0143769]",14/10/2024 19:47:28
18,"[2.25137, 2.25137, 0.844264, 0.914619, 0.984975, 1.05533, 0.844264, 0.914619, 0.984975, 1.05533, 1.12569, 0.844264, 0.914619, 0.984975, 1.05533, 1.12569, 0.984975, 1.05533]","[-0.958041, -0.958745, -1.29594, -1.20305, -1.1344, -1.00435, -1.37, -1.17234, -1.23403, -1.06693, -0.949059, -1.23832, -1.27164, -1.15641, -1.07243, -1.00914, -0.898465, -0.855991]","[-0.116726, -0.120867, 0.228255, 0.240649, -0.00796279, 0.0120584, 0.295271, 0.183116, 0.115861, 0.0406283, 0.0300721, 0.128045, 0.194868, 0.141244, 0.0875633, 0.0787857, -0.0535587, -0.117652]",14/10/2024 19:47:29
2,"[4.71381, 4.71381]","[-1.03651, -1.04716]","[0.198384, 0.227215]",14/10/2024 19:47:30
10,"[6.40234, 6.47269, 6.40234, 6.47269, 6.40234, 6.47269, 4.85452, 4.92487, 0.844264, 0.914619]","[-0.912626, -0.915596, -0.917857, -0.920446, -0.92392, -0.928416, -0.873782, -0.872489, -1.06913, -1.06641]","[0.158068, 0.17182, 0.181531, 0.191983, 0.205071, 0.220708, 0.209482, 0.204318, -0.275367, -0.270025]",14/10/2024 19:47:31
7,"[5.55807, 5.62843, 5.55807, 5.62843, 5.69878, 5.55807, 5.62843]","[-0.685446, -0.646584, -0.688897, -0.651681, -0.612551, -0.689358, -0.655846]","[0.159333, 0.170279, 0.183615, 0.205594, 0.208538, 0.186602, 0.230151]",14/10/2024 19:47:32
