numObj,x,y,z,velocity,numObj_static,x_static,y_static,z_static,velocity_static,timestamp
6,"[4.66705, 4.71742, 4.78582, 4.47988, 4.5948, 4.5577]","[0, 0, 0, 0, 0, 0]","[1.57259, 1.64264, 1.66014, 2.04575, 1.95962, 2.21078]","[0, 0, 0, 0.147187, 0.147187, 0.147187]",0,"[]","[]","[]","[]",26/11/2025 19:42:40
3,"[4.25048, 4.21691, 4.15922]","[0.307805, 0.303407, 0.307805]","[2.46842, 2.38578, 2.61927]","[-0.294373, -0.147187, -0.147187]",0,"[]","[]","[]","[]",26/11/2025 19:42:41
2,"[4.24117, 4.30609]","[-0.153902, -0.156101]","[2.49864, 2.52696]","[-0.147187, -0.147187]",0,"[]","[]","[]","[]",26/11/2025 19:42:42
6,"[4.61091, 4.34303, 4.55661, 4.52655, 4.07422, 5.14243]","[0.1583, 0, 0.156101, 0.1583, 0.160498, 0.162697]","[2.09156, 2.74153, 2.0409, 2.26836, 3.12295, 0.796497]","[0, 0, 0.147187, 0.147187, 0.147187, 0.147187]",0,"[]","[]","[]","[]",26/11/2025 19:42:45
17,"[4.69668, 4.80531, 4.87256, 4.8354, 4.57755, 4.60851, 4.72001, 4.78805, 4.85452, 4.93751, 4.69538, 4.76137, 4.82927, 4.76042, 4.71423, 4.69716, 4.67937]","[0.29901, 0.151704, 0.153902, 0.468303, 0.1583, 0.160498, 0.149505, 0.151704, 0.153902, 0.156101, 0.149505, 0.151704, 0.153902, 0.1583, 0.156101, 0.1583, 0.160498]","[0.860211, 0.672558, 0.699177, 1.16274, 2.1636, 2.26136, 0.766376, 0.786046, 0.815094, 0.740918, 0.90512, 0.934156, 0.95336, 1.72439, 1.64439, 1.88991, 2.11083]","[0, 0, 0, 0, 0, 0, 0.147187, 0.147187, 0.147187, 0.147187, 0.294373, 0.294373, 0.294373, -0.294373, -0.147187, -0.147187, -0.147187]",0,"[]","[]","[]","[]",26/11/2025 19:42:46
11,"[4.34836, 4.49281, 4.62021, 4.16284, 4.23246, 4.363, 4.46996, 4.31863, 4.32322, 4.39035, 4.44136]","[0.151704, 0.153902, 0.156101, 0.149505, 0.151704, 0.153902, 0.156101, 0.153902, 0.307805, 0.312202, 0.474899]","[2.15292, 2.01131, 1.89252, 2.353, 2.37268, 2.27925, 2.22428, 2.36223, 2.33868, 2.36214, 2.38933]","[0, 0, 0, 0.147187, 0.147187, 0.147187, 0.147187, 0.294373, -0.147187, -0.147187, -0.147187]",0,"[]","[]","[]","[]",26/11/2025 19:42:47
3,"[4.2297, 4.27646, 4.13145]","[-0.156101, -0.153902, -0.156101]","[2.65284, 2.43774, 2.80341]","[0, -0.147187, -0.147187]",0,"[]","[]","[]","[]",26/11/2025 19:42:48
5,"[4.47086, 4.54431, 4.41141, 4.42672, 4.43854]","[0, 0.156101, 0, 0, 0.312202]","[2.06538, 2.06814, 2.18949, 2.31441, 2.27028]","[0, 0, 0.147187, 0.147187, -0.147187]",0,"[]","[]","[]","[]",26/11/2025 19:42:49
7,"[4.44895, 4.48008, 4.46845, 4.64374, 4.42667, 4.50557, 4.51825]","[0, 0.156101, 0.1583, 0.316599, 0, 0, 0.1583]","[2.11215, 2.20382, 2.38077, 1.99891, 2.15846, 2.15688, 2.28484]","[0, 0, 0, 0.147187, -0.147187, -0.147187, -0.147187]",0,"[]","[]","[]","[]",26/11/2025 19:42:50
9,"[4.69885, 4.77859, 4.41648, 4.71395, 4.7751, 4.68234, 4.74049, 4.47517, 4.58758]","[0, 0.1583, 0.153902, 0, 0, -0.156101, 0, 0.153902, 0.312202]","[1.69502, 1.67337, 2.17379, 1.65257, 1.69073, 1.73311, 1.78546, 2.05026, 1.95165]","[0, 0, 0.147187, 0.147187, 0.147187, 0.294373, 0.294373, -0.147187, -0.147187]",0,"[]","[]","[]","[]",26/11/2025 19:42:51
10,"[4.38261, 4.39329, 4.45657, 4.4396, 4.48849, 4.5066, 4.3443, 4.41208, 4.46261, 4.68318]","[-0.153902, 0, 0, -0.153902, 0, 0, 0, 0, 0, 0.160498]","[2.2413, 2.37724, 2.40814, 2.12617, 2.19221, 2.31316, 2.31979, 2.34219, 2.39693, 2.10237]","[0, 0, 0, -0.294373, -0.294373, -0.294373, -0.147187, -0.147187, -0.147187, -0.147187]",0,"[]","[]","[]","[]",26/11/2025 19:42:52
8,"[4.53395, 4.58317, 4.57135, 4.61163, 4.49288, 4.56852, 4.57582, 4.34825]","[0.153902, 0.156101, 0.1583, 0.312202, 0.303407, 0.307805, 0.312202, 0.316599]","[1.91677, 1.98052, 2.17666, 1.89412, 1.81337, 1.81336, 1.97906, 2.57927]","[0, 0, 0, -0.294373, -0.147187, -0.147187, -0.147187, -0.147187]",0,"[]","[]","[]","[]",26/11/2025 19:42:53
2,"[4.57165, 4.61456]","[0, 0]","[1.8315, 1.91263]","[-0.147187, -0.147187]",0,"[]","[]","[]","[]",26/11/2025 19:42:54
2,"[4.50786, 4.56153]","[0.1583, 0.160498]","[2.30527, 2.35469]","[-0.147187, -0.147187]",0,"[]","[]","[]","[]",26/11/2025 19:42:55
12,"[4.41649, 4.49119, 4.54557, 4.68738, 4.7497, 4.49568, 4.5823, 4.66707, 4.48606, 4.57398, 4.63539, 4.87429]","[0, 0, 0, 0.316599, 0.325393, 0, 0, 0.1583, 0, 0, 0.1583, 0.160498]","[2.17921, 2.18667, 2.23561, 1.8943, 2.10713, 2.01079, 1.98869, 1.96304, 2.03216, 2.00773, 2.03673, 1.61042]","[0, 0, 0, 0.147187, 0.147187, -0.294373, -0.294373, -0.294373, -0.147187, -0.147187, -0.147187, -0.147187]",0,"[]","[]","[]","[]",26/11/2025 19:42:56
8,"[4.75443, 4.87738, 4.16507, 5.04654, 4.57621, 4.69263, 4.70273, 4.68094]","[0.312202, 0.316599, 0, 0.1583, 0.316599, 0.320996, 0.312202, 0.474899]","[1.50007, 1.33083, 2.62804, 0.409292, 2.149, 2.06254, 1.65505, 1.87709]","[0, 0, 0.147187, 0.147187, -0.294373, -0.294373, -0.147187, -0.147187]",0,"[]","[]","[]","[]",26/11/2025 19:42:57
16,"[4.68202, 4.69055, 4.60549, 4.6377, 4.53008, 4.54448, 4.61903, 4.71622, 4.76005, 4.75073, 4.75315, 4.57366, 4.67918, 4.71298, 4.67518, 4.66882]","[-0.156101, -0.1583, -0.160498, -0.162697, 0.312202, 0.316599, 0.320996, 0, 0, 0, 0, 0, 0, 0, 0, 0]","[1.73395, 1.90625, 2.26751, 2.36025, 2.08164, 2.21532, 2.22247, 1.64607, 1.73265, 1.95153, 2.12441, 1.82648, 1.7486, 1.85687, 2.12616, 2.30382]","[0, 0, 0, 0, 0.147187, 0.147187, 0.147187, -0.294373, -0.294373, -0.294373, -0.294373, -0.147187, -0.147187, -0.147187, -0.147187, -0.147187]",0,"[]","[]","[]","[]",26/11/2025 19:42:58
13,"[4.54218, 4.6297, 4.69823, 4.73543, 4.76724, 4.76844, 4.79483, 4.76619, 4.72465, 4.74158, 4.34803, 4.26023, 4.17757]","[0.153902, 0.156101, 0.1583, 0.160498, 0, 0, 0, 0, 0, 0, 0.153902, 0.312202, 0.316599]","[1.89717, 1.86919, 1.88726, 1.98187, 1.23606, 1.48805, 1.63394, 1.91344, 1.62174, 1.78257, 2.30766, 2.58945, 2.84743]","[0, 0, 0, 0, 0.147187, 0.147187, 0.147187, 0.147187, 0.294373, 0.294373, -0.147187, -0.147187, -0.147187]",0,"[]","[]","[]","[]",26/11/2025 19:42:59
7,"[4.55164, 4.69826, 4.82663, 4.80946, 4.68738, 4.75064, 4.86022]","[0.156101, 0.1583, 0.320996, 0, 0, 0, 0.160498]","[2.05196, 1.88718, 1.72584, 1.59036, 1.7265, 1.75828, 1.65238]","[0, 0, 0, -0.294373, -0.147187, -0.147187, -0.147187]",0,"[]","[]","[]","[]",26/11/2025 19:43:00
1,"[4.66991]","[0]","[1.96267]","[0.147187]",0,"[]","[]","[]","[]",26/11/2025 19:43:01
7,"[4.18522, 4.19024, 4.65691, 4.45577, 4.32616, 4.4189, 4.50818]","[-0.153902, -0.156101, 0.1583, 0, 0, 0, 0]","[2.59126, 2.71475, 1.98703, 2.25797, 2.35344, 2.3293, 2.31008]","[0, 0, 0.147187, -0.294373, -0.147187, -0.147187, -0.147187]",0,"[]","[]","[]","[]",26/11/2025 19:43:03
10,"[4.68031, 4.79334, 4.94217, 4.4859, 4.58979, 4.71652, 4.81589, 4.54915, 4.6448, 4.69128]","[0.312202, 0.1583, 0.160498, 0.307805, 0.156101, 0.1583, 0.160498, 0.156101, 0.1583, 0.160498]","[1.71741, 1.63062, 1.38818, 2.00906, 1.96514, 1.84106, 1.77746, 2.05747, 2.01517, 2.08422]","[0, 0, 0, 0.147187, 0.147187, 0.147187, 0.147187, 0.294373, 0.294373, 0.294373]",0,"[]","[]","[]","[]",26/11/2025 19:43:04
7,"[4.38079, 4.49773, 4.5939, 4.71384, 4.51679, 4.61084, 4.70258]","[0.153902, 0.156101, 0.1583, 0.156101, 0.153902, 0.156101, 0.1583]","[2.24486, 2.16757, 2.12866, 1.6455, 1.95687, 1.91522, 1.87639]","[0, 0, 0, -0.294373, -0.147187, -0.147187, -0.147187]",0,"[]","[]","[]","[]",26/11/2025 19:43:05
9,"[4.49863, 4.60401, 4.64378, 4.62995, 4.71221, 4.79531, 4.60019, 4.66773, 4.73026]","[0.153902, 0.156101, 0.316599, 0.307805, 0.312202, 0.316599, 0.153902, 0.312202, 0.316599]","[1.99826, 1.9316, 1.99879, 1.65022, 1.62786, 1.60154, 1.75183, 1.75134, 1.78453]","[0, 0, 0, -0.294373, -0.294373, -0.294373, -0.147187, -0.147187, -0.147187]",0,"[]","[]","[]","[]",26/11/2025 19:43:06
2,"[3.85365, 4.01969]","[0, 0.149505]","[2.83507, 2.58997]","[0, -0.147187]",0,"[]","[]","[]","[]",26/11/2025 19:43:07
19,"[4.11208, 4.30663, 4.65185, 4.81473, 4.28839, 4.62715, 4.83609, 4.73668, 4.73379, 4.47595, 4.75129, 4.9159, 4.16153, 4.39062, 4.68727, 4.82909, 4.35255, 4.67084, 4.8755]","[0.145108, 0.147307, 0, 0, 0, 0, 0.1583, 0, 0, 0.153902, 0.156101, 0.1583, 0.145108, 0.147307, 0, 0, 0, 0.156101, 0.1583]","[2.15208, 1.91081, 1.11737, 0.620296, 2.42159, 1.88196, 1.49912, 1.06311, 0.692413, 2.04855, 1.53402, 1.21204, 2.05482, 1.70903, 0.957973, 0.496237, 2.30428, 1.76385, 1.36551]","[0, 0, 0, 0, 0, 0, 0, 0.147187, -0.294373, -0.294373, -0.294373, -0.294373, -0.147187, -0.147187, -0.147187, -0.147187, -0.147187, -0.147187, -0.147187]",0,"[]","[]","[]","[]",26/11/2025 19:43:10
11,"[4.68271, 4.70072, 4.8496, 4.31889, 4.3619, 4.8005, 4.65135, 4.63809, 4.80705, 4.50825, 4.57769]","[0.153902, 0.312202, 0.316599, 0, 0.149505, -0.455111, 0, 0.312202, 0.316599, 0.153902, 0.312202]","[1.51753, 1.66074, 1.42875, 1.88869, 1.95952, 0.560706, 1.61844, 1.82837, 1.56593, 1.97645, 1.97474]","[0, 0, 0, 0.147187, 0.147187, 0.147187, 0.147187, 0.147187, 0.147187, 0.294373, 0.294373]",0,"[]","[]","[]","[]",26/11/2025 19:43:11
10,"[4.5051, 4.57475, 4.59052, 4.60301, 4.69572, 4.75279, 4.55591, 4.64315, 4.68833, 4.55106]","[0.153902, 0.156101, 0.1583, 0.153902, 0.156101, 0.1583, 0.153902, 0.156101, 0.1583, -0.160498]","[1.98362, 1.99991, 2.13593, 1.74442, 1.6965, 1.74531, 1.86396, 1.83551, 1.91171, 2.37487]","[0, 0, 0, -0.294373, -0.294373, -0.294373, -0.147187, -0.147187, -0.147187, -0.147187]",0,"[]","[]","[]","[]",26/11/2025 19:43:12
8,"[4.13701, 4.18359, 4.2357, 4.2945, 4.35286, 4.20847, 4.25601, 4.29717]","[0.455111, 0.461707, 0.468303, 0.455111, 0.461707, 0.455111, 0.461707, 0.468303]","[2.49887, 2.5571, 2.60613, 2.21731, 2.25694, 2.37655, 2.43467, 2.50347]","[0, 0, 0, -0.294373, -0.294373, -0.147187, -0.147187, -0.147187]",0,"[]","[]","[]","[]",26/11/2025 19:43:14
6,"[4.53521, 4.66373, 4.91934, 4.39224, 4.56781, 4.84735]","[0, 0.156101, 0.1583, 0, 0.156101, 0.1583]","[1.91995, 1.78257, 1.19798, 2.2277, 2.01571, 1.4623]","[0, 0, 0, 0.147187, 0.147187, 0.147187]",0,"[]","[]","[]","[]",26/11/2025 19:43:15
2,"[4.77148, 4.81729]","[-0.151704, 0]","[0.881094, 1.02376]","[-0.147187, -0.147187]",0,"[]","[]","[]","[]",26/11/2025 19:43:16
1,"[4.67063]","[0.307805]","[1.53129]","[-0.147187]",0,"[]","[]","[]","[]",26/11/2025 19:43:17
8,"[4.29614, 4.35441, 4.44699, 4.35467, 4.27252, 4.3918, 4.48093, 4.37185]","[0.149505, 0.151704, 0, 0, 0, 0.151704, 0, 0]","[2.09977, 2.14066, 2.11628, 2.44728, 2.15263, 2.06287, 2.04345, 2.41644]","[0, 0, 0, 0, 0.147187, 0.147187, 0.147187, 0.147187]",0,"[]","[]","[]","[]",26/11/2025 19:43:18
7,"[4.53239, 4.56221, 4.60348, 4.68274, 4.56216, 4.617, 4.66968]","[0.151704, 0.153902, 0.156101, 0.153902, 0.151704, 0.153902, 0.156101]","[1.73226, 1.84849, 1.93286, 1.51745, 1.65227, 1.70704, 1.76693]","[0, 0, 0, -0.294373, -0.147187, -0.147187, -0.147187]",0,"[]","[]","[]","[]",26/11/2025 19:43:19
3,"[4.24744, 4.21363, 4.27504]","[-0.151704, -0.151704, -0.307805]","[2.34575, 2.40596, 2.42563]","[0, 0.147187, 0.147187]",0,"[]","[]","[]","[]",26/11/2025 19:43:21
13,"[4.50387, 4.53928, 4.55183, 4.29177, 3.94219, 4.40872, 4.56811, 4.6904, 4.38641, 4.51042, 4.72793, 4.71378, 4.2129]","[0, 0, 0, -0.1583, -0.151704, 0, 0, 0, 0, 0, 0.151704, 0.153902, -0.156101]","[1.8115, 1.91031, 2.05746, 2.68622, 2.82887, 2.19489, 2.02105, 1.91319, 2.23915, 2.14673, 1.09088, 1.41809, 2.67945]","[0, 0, 0, 0, 0.147187, 0.147187, 0.147187, 0.147187, 0.294373, 0.294373, -0.147187, -0.147187, -0.147187]",0,"[]","[]","[]","[]",26/11/2025 19:43:22
10,"[4.4067, 4.52294, 4.6051, 4.6531, 4.66518, 4.77134, 4.49649, 4.60588, 4.68975, 4.77115]","[0.151704, 0.153902, 0.156101, 0.316599, 0.153902, 0.156101, 0.151704, 0.153902, 0.156101, 0.316599]","[2.03084, 1.94261, 1.92899, 1.97701, 1.57059, 1.47046, 1.82342, 1.73682, 1.71295, 1.67213]","[0, 0, 0, 0, -0.294373, -0.294373, -0.147187, -0.147187, -0.147187, -0.147187]",0,"[]","[]","[]","[]",26/11/2025 19:43:23
5,"[4.55451, 4.58774, 4.46575, 4.46953, 4.46448]","[0, 0, 0, 0, 0]","[1.87373, 1.9761, 1.90353, 2.06826, 2.2407]","[0, 0, 0.147187, 0.147187, 0.147187]",0,"[]","[]","[]","[]",26/11/2025 19:43:24
15,"[4.45016, 4.57209, 4.564, 4.52961, 4.29802, 4.34062, 4.35956, 4.23364, 4.28202, 4.6627, 4.66196, 4.65546, 4.60555, 4.60766, 4.57981]","[0.151704, 0, 0, 0, 0.303407, 0.307805, 0.468303, 0.303407, 0.307805, 0, 0, 0, 0, 0, 0]","[1.93375, 1.83041, 2.03033, 2.26777, 2.23636, 2.30623, 2.39317, 2.35596, 2.41329, 1.58545, 1.79399, 1.99671, 1.7445, 1.9292, 2.1646]","[0, 0, 0, 0, 0.147187, 0.147187, 0.147187, 0.294373, 0.294373, -0.294373, -0.294373, -0.294373, -0.147187, -0.147187, -0.147187]",0,"[]","[]","[]","[]",26/11/2025 19:43:25
5,"[4.67732, 4.76867, 4.74469, 4.8318, 4.72765]","[0, 0, 0, 0, -0.153902]","[1.54178, 1.48732, 1.31996, 1.26728, 1.37114]","[0, 0, 0.147187, 0.147187, 0.294373]",0,"[]","[]","[]","[]",26/11/2025 19:43:26
2,"[4.55799, 4.6984]","[0.153902, 0.156101]","[1.85889, 1.68908]","[0, 0]",0,"[]","[]","[]","[]",26/11/2025 19:43:27
6,"[4.5463, 4.32729, 4.40155, 4.42355, 4.5871, 4.64415]","[0.468303, 0, 0.153902, 0.312202, 0, 0]","[2.01599, 2.2002, 2.20387, 2.29935, 1.58897, 1.63898]","[0, 0.147187, 0.147187, 0.147187, -0.147187, -0.147187]",0,"[]","[]","[]","[]",26/11/2025 19:43:28
8,"[4.53541, 4.58467, 4.71247, 4.49021, 4.49885, 4.53187, 4.54068, 4.33592]","[0.156101, 0.316599, 0.320996, 0.156101, 0.316599, 0.307805, 0.312202, 0]","[2.08758, 2.1309, 2.01678, 2.1831, 2.30657, 1.90309, 2.05843, 2.18316]","[0.147187, 0.147187, 0.147187, 0.294373, 0.294373, 0.44156, 0.44156, -0.147187]",0,"[]","[]","[]","[]",26/11/2025 19:43:29
10,"[4.31571, 4.2194, 4.1718, 4.19095, 4.22293, 4.36521, 4.33301, 4.08155, 4.41268, 4.30226]","[0.151704, 0, 0.156101, 0.29901, 0.303407, -0.153902, 0, 0.448515, -0.153902, 0]","[2.21766, 2.5399, 2.743, 2.28796, 2.37512, 2.27501, 2.48543, 2.45519, 2.18151, 2.53828]","[0, 0, 0, 0.147187, 0.147187, -0.294373, -0.294373, -0.147187, -0.147187, -0.147187]",0,"[]","[]","[]","[]",26/11/2025 19:43:31
3,"[4.62271, 4.60621, 4.51832]","[0.307805, 0.312202, 0.1583]","[1.6704, 1.90726, 2.28471]","[0.147187, 0.147187, 0.147187]",0,"[]","[]","[]","[]",26/11/2025 19:43:32
4,"[4.53639, 4.45766, 4.51246, 4.54988]","[0.156101, 0.153902, 0.156101, 0.1583]","[2.08545, 2.08805, 2.13674, 2.22119]","[0, 0.147187, 0.147187, 0.147187]",0,"[]","[]","[]","[]",26/11/2025 19:43:33
5,"[4.5508, 4.62023, 4.68244, 4.73114, 4.97841]","[0.153902, 0.156101, 0.153902, 0.156101, 0.162697]","[1.87642, 1.89245, 1.51837, 1.59507, 1.51474]","[0, 0, -0.147187, -0.147187, -0.147187]",0,"[]","[]","[]","[]",26/11/2025 19:43:34
7,"[4.39287, 4.48943, 4.62584, 4.60998, 4.53782, 4.22135, 4.20116]","[0.153902, 0.156101, 0.153902, 0.312202, 0.316599, 0, 0]","[2.22113, 2.18472, 1.68294, 1.89814, 2.22893, 2.39719, 2.56995]","[0, 0, 0.147187, 0.147187, 0.147187, -0.147187, -0.147187]",0,"[]","[]","[]","[]",26/11/2025 19:43:35
16,"[4.246, 4.63835, 4.22212, 4.27109, 4.32942, 4.19307, 4.24266, 5.25475, 5.34761, 5.28962, 4.56686, 4.63436, 4.49161, 4.57267, 4.64796, 4.68085]","[-0.151704, 0.156101, 0, 0, 0, 0, 0, -0.167094, -0.169293, 0, 0.153902, 0.156101, 0.151704, 0.153902, 0.156101, 0.316599]","[2.34836, 1.84762, 2.24987, 2.30741, 2.34745, 2.44633, 2.50084, 0.974741, 0.849851, 0.781292, 1.83699, 1.85759, 1.83543, 1.82246, 1.82329, 1.91039]","[0, 0, 0.147187, 0.147187, 0.147187, 0.294373, 0.294373, -0.735933, -0.735933, -0.588746, -0.294373, -0.294373, -0.147187, -0.147187, -0.147187, -0.147187]",0,"[]","[]","[]","[]",26/11/2025 19:43:36
4,"[4.50237, 4.47717, 4.57102, 4.59015]","[0.153902, 0.151704, 0.153902, 0.312202]","[1.98981, 1.87037, 1.8266, 1.9456]","[0, -0.147187, -0.147187, -0.147187]",0,"[]","[]","[]","[]",26/11/2025 19:43:37
8,"[4.4805, 4.49897, 4.47342, 4.61558, 4.6958, 4.56328, 4.60312, 4.66151]","[0.153902, 0.156101, 0, 0.312202, 0.316599, 0.312202, 0.316599, 0.481494]","[2.03858, 2.165, 2.05983, 1.88448, 1.87333, 2.00781, 2.09075, 2.10151]","[0, 0, 0.147187, -0.294373, -0.294373, -0.147187, -0.147187, -0.147187]",0,"[]","[]","[]","[]",26/11/2025 19:43:38
9,"[4.61865, 4.67507, 4.51041, 4.56154, 4.60296, 4.56714, 4.59799, 4.56839, 4.61402]","[0.153902, 0.156101, 0.151704, 0.153902, 0.156101, 0.307805, 0.312202, 0.461707, 0.468303]","[1.70258, 1.75263, 1.78873, 1.85014, 1.9341, 1.81682, 1.927, 1.78075, 1.85576]","[0, 0, 0.147187, 0.147187, 0.147187, 0.294373, 0.294373, 0.44156, 0.44156]",0,"[]","[]","[]","[]",26/11/2025 19:43:39
6,"[4.51762, 4.54573, 4.5538, 4.4586, 4.54611, 4.49507]","[-0.151704, -0.153902, 0, -0.153902, 0.312202, 0.316599]","[1.77044, 1.88867, 2.0531, 2.08604, 2.04639, 2.31393]","[0.294373, 0.294373, 0.294373, 0.44156, -0.147187, -0.147187]",0,"[]","[]","[]","[]",26/11/2025 19:43:40
1,"[4.39045]","[0.312202]","[2.36195]","[0.44156]",0,"[]","[]","[]","[]",26/11/2025 19:43:41
5,"[4.51907, 4.59538, 4.60739, 4.47675, 4.65095]","[0.461707, 0.312202, 0.316599, 0.156101, -0.153902]","[1.90243, 1.93322, 2.08131, 2.21058, 1.61226]","[0.147187, 0.147187, 0.147187, 0.294373, -0.147187]",0,"[]","[]","[]","[]",26/11/2025 19:43:43
14,"[4.67912, 4.66119, 4.56627, 4.53883, 4.47468, 4.57449, 4.63797, 4.70616, 4.64001, 4.73345, 4.45275, 4.61866, 4.78057, 4.91412]","[0.312202, 0.1583, 0, 0, 0, 0.455111, 0.461707, 0.468303, 0.461707, 0.468303, 0.303407, 0.307805, 0.468303, 0.316599]","[1.72066, 1.97697, 2.19301, 2.40351, 2.37432, 1.5599, 1.59073, 1.6078, 1.58477, 1.52559, 1.90979, 1.68156, 1.37083, 1.18801]","[0, 0, 0.147187, 0.147187, 0.294373, -0.44156, -0.44156, -0.44156, -0.294373, -0.294373, -0.147187, -0.147187, -0.147187, -0.147187]",0,"[]","[]","[]","[]",26/11/2025 19:43:44
17,"[4.45259, 4.49686, 4.56735, 4.56407, 4.35428, 4.37239, 4.47732, 4.69853, 4.23373, 4.25065, 4.43743, 4.60817, 4.29265, 4.33915, 4.59531, 4.67159, 4.71647]","[0, 0, 0.156101, 0.1583, 0, 0, 0.156101, 0.1583, -0.151704, -0.153902, 0, 0, -0.151704, -0.153902, 0.153902, 0.156101, 0.1583]","[1.93412, 2.00813, 2.01674, 2.19188, 2.14629, 2.26641, 2.20942, 1.88651, 2.37041, 2.48247, 2.2938, 2.10354, 2.26196, 2.32433, 1.76459, 1.76188, 1.8412]","[0, 0, 0, 0, 0.147187, 0.147187, 0.147187, 0.147187, 0.294373, 0.294373, 0.294373, 0.294373, 0.44156, 0.44156, -0.147187, -0.147187, -0.147187]",0,"[]","[]","[]","[]",26/11/2025 19:43:45
7,"[4.27784, 4.32966, 4.45882, 4.36635, 4.38718, 4.49245, 4.63172]","[0, 0, 0, 0, 0, 0, 0]","[2.29487, 2.347, 2.25195, 2.12163, 2.23764, 2.18408, 2.05117]","[0, 0, 0, -0.147187, -0.147187, -0.147187, -0.147187]",0,"[]","[]","[]","[]",26/11/2025 19:43:47
8,"[4.31401, 4.25987, 4.27248, 4.30702, 4.37317, 4.37927, 4.51975, 4.5657]","[0, 0, 0, 0, 0, -0.1583, 0, 0.153902]","[2.22614, 2.47142, 2.30483, 2.38829, 2.41407, 2.54109, 1.7715, 1.83987]","[0, 0, 0.147187, 0.147187, 0.147187, 0.147187, -0.147187, -0.147187]",0,"[]","[]","[]","[]",26/11/2025 19:43:48
12,"[4.46962, 4.50651, 4.5348, 4.57411, 4.9696, 4.59362, 4.65345, 4.69455, 4.52365, 4.57836, 4.61598, 4.61996]","[0, 0, 0, 0, 0, 0, 0, 0.1583, 0, 0, 0, 0.1583]","[1.89443, 1.9864, 2.09473, 2.17661, 1.55196, 1.77568, 1.81596, 1.89639, 1.76151, 1.81465, 1.90921, 2.07148]","[0, 0, 0, 0, 0.147187, -0.294373, -0.294373, -0.294373, -0.147187, -0.147187, -0.147187, -0.147187]",0,"[]","[]","[]","[]",26/11/2025 19:43:50
11,"[4.43465, 4.58562, 4.67185, 4.30444, 4.33981, 4.47828, 4.75341, 4.38638, 4.31616, 4.40165, 4.53939]","[0.153902, 0.156101, 0.316599, 0.151704, 0.153902, 0.156101, 0.1583, 0.151704, 0.307805, 0.312202, 0.316599]","[2.13649, 1.97484, 1.93229, 2.23944, 2.32309, 2.20747, 1.74361, 2.07436, 2.35169, 2.34101, 2.22573]","[0, 0, 0, 0.147187, 0.147187, 0.147187, 0.147187, -0.147187, -0.147187, -0.147187, -0.147187]",0,"[]","[]","[]","[]",26/11/2025 19:43:51
16,"[4.30414, 4.33142, 4.76558, 4.56913, 7.0262, 4.43059, 4.54202, 4.77227, 4.71148, 4.38056, 4.40513, 4.7891, 4.64817, 4.58649, 7.08292, 7.10778]","[0, 0, -0.156101, 0, 0, 0, 0, 0, 0, 0, 0, 0, 0, 0, 0, 0]","[2.24515, 2.34375, 1.48903, 2.18705, 2.49985, 1.98399, 1.90379, 1.47572, 1.86067, 2.09213, 2.20208, 1.42015, 2.01362, 2.31126, 2.33433, 2.48004]","[0, 0, 0, 0, 0, -0.294373, -0.294373, -0.294373, -0.294373, -0.147187, -0.147187, -0.147187, -0.147187, -0.147187, -0.147187, -0.147187]",0,"[]","[]","[]","[]",26/11/2025 19:43:52
7,"[4.85639, 4.77209, 4.75609, 4.77219, 4.59997, 4.59408, 4.40067]","[0.468303, 0.461707, 0.312202, 0.474899, 0.307805, 0.312202, 0.316599]","[1.07165, 1.12622, 1.49482, 1.6312, 1.73202, 1.93629, 2.48877]","[0, 0.147187, 0.147187, 0.147187, 0.294373, 0.294373, 0.294373]",0,"[]","[]","[]","[]",26/11/2025 19:43:53
2,"[4.64017, 4.67199]","[0.153902, 0.312202]","[1.64301, 1.73993]","[0.147187, 0.147187]",0,"[]","[]","[]","[]",26/11/2025 19:43:54
12,"[4.28582, 4.32473, 4.40909, 4.34121, 4.43944, 4.55854, 4.61038, 4.31663, 4.40019, 4.50672, 4.51721, 4.89155]","[0.149505, 0.151704, 0.307805, 0.312202, 0.151704, 0.307805, 0.312202, 0.149505, 0.151704, 0.307805, 0.312202, 0.316599]","[2.12077, 2.20001, 2.17245, 2.45127, 1.95825, 1.8383, 1.89717, 2.05733, 2.04491, 1.96191, 2.10942, 1.27774]","[0, 0, 0, 0, -0.294373, -0.294373, -0.294373, -0.147187, -0.147187, -0.147187, -0.147187, -0.147187]",0,"[]","[]","[]","[]",26/11/2025 19:43:55
4,"[4.56151, 4.60573, 4.63307, 4.58221]","[0.156101, 0, 0.156101, 0.316599]","[2.02991, 1.74402, 1.8608, 2.13618]","[0, -0.147187, -0.147187, -0.147187]",0,"[]","[]","[]","[]",26/11/2025 19:43:56
3,"[4.50498, 4.60978, 4.66782]","[0.151704, 0.153902, 0.312202]","[1.80236, 1.72645, 1.7511]","[-0.147187, -0.147187, -0.147187]",0,"[]","[]","[]","[]",26/11/2025 19:43:58
8,"[4.51743, 4.61693, 4.64256, 4.47518, 4.54007, 4.5932, 4.44114, 4.52612]","[0, 0, 0.156101, 0, 0, 0, 0, 0]","[1.77741, 1.71415, 1.837, 1.88125, 1.90845, 1.96337, 2.12853, 2.11342]","[0, 0, 0, 0.147187, 0.147187, 0.147187, 0.294373, 0.294373]",0,"[]","[]","[]","[]",26/11/2025 19:43:59
14,"[4.7716, 4.82862, 4.91317, 4.69264, 4.70676, 4.75171, 4.75731, 4.66373, 4.72051, 4.74063, 4.4554, 4.53668, 4.58076, 4.6423]","[-0.29901, -0.303407, -0.307805, -0.441919, -0.29901, -0.303407, -0.153902, -0.29901, -0.303407, -0.153902, 0, 0.151704, 0.153902, 0.312202]","[0.174943, 0.398412, 0.142711, 0.0618525, 0.803281, 0.946321, 1.2644, 1.02394, 1.09138, 1.32558, 1.74288, 1.72102, 1.80203, 1.81767]","[0, 0, 0, 0.147187, 0.147187, 0.147187, 0.147187, 0.294373, 0.294373, 0.294373, -0.147187, -0.147187, -0.147187, -0.147187]",0,"[]","[]","[]","[]",26/11/2025 19:44:00
12,"[4.39929, 4.4854, 4.55701, 4.46007, 4.28415, 4.33549, 4.42475, 4.52631, 4.38878, 4.26929, 4.32251, 4.4464]","[0, 0, 0, 0, -0.149505, 0, 0, -0.156101, 0, -0.151704, 0, -0.156101]","[2.05246, 2.03361, 2.04597, 2.40165, 2.12412, 2.18401, 2.1624, 2.10725, 2.52958, 2.30575, 2.36015, 2.271]","[0, 0, 0, 0, 0.147187, 0.147187, 0.147187, 0.147187, 0.147187, 0.294373, 0.294373, 0.294373]",0,"[]","[]","[]","[]",26/11/2025 19:44:01
11,"[4.26051, 4.25991, 4.23546, 4.31907, 4.15889, 4.16073, 4.09114, 4.13544, 4.09987, 4.11433, 4.07627]","[0, 0, 0.153902, 0.312202, 0, 0, 0.153902, 0.312202, 0, 0, 0.153902]","[2.1763, 2.32798, 2.50831, 2.49008, 2.36471, 2.50093, 2.73739, 2.78442, 2.46561, 2.57655, 2.75948]","[0, 0, 0, 0, 0.147187, 0.147187, 0.147187, 0.147187, 0.294373, 0.294373, 0.294373]",0,"[]","[]","[]","[]",26/11/2025 19:44:02
20,"[4.18058, 4.1677, 4.09222, 4.25637, 4.55469, 4.71482, 4.71635, 4.78375, 4.86254, 4.34774, 4.44336, 4.60587, 4.68371, 4.81733, 4.22681, 4.30728, 4.46153, 4.59282, 4.64909, 4.78115]","[0, 0, 0, 0, 0, 0, -0.448515, -0.455111, -0.461707, 0, 0, 0, 0, 0, 0, 0, 0, 0, 0, 0]","[2.17778, 2.34914, 2.61153, 2.47745, 2.05113, 1.85219, 0.665639, 0.689151, 0.630007, 1.99633, 1.95522, 1.74367, 1.73643, 1.56635, 2.08665, 2.08219, 1.91339, 1.77774, 1.82709, 1.67355]","[0, 0, 0, 0, 0, 0, 0.147187, 0.147187, 0.147187, -0.294373, -0.294373, -0.294373, -0.294373, -0.294373, -0.147187, -0.147187, -0.147187, -0.147187, -0.147187, -0.147187]",0,"[]","[]","[]","[]",26/11/2025 19:44:03
3,"[4.518, 4.43504, 4.4252]","[0, 0, 0]","[1.77596, 1.97403, 2.16148]","[0, 0.147187, 0.147187]",0,"[]","[]","[]","[]",26/11/2025 19:44:05
7,"[4.46828, 4.80532, 4.48996, 4.58397, 4.57655, 4.70338, 4.60596]","[0.307805, -0.156101, -0.316599, -0.316599, 0.461707, 0.312202, -0.316599]","[2.04796, 1.3553, 2.32382, 2.1324, 1.75967, 1.6532, 2.08449]","[0, 0, 0, -0.294373, -0.147187, -0.147187, -0.147187]",0,"[]","[]","[]","[]",26/11/2025 19:44:06
18,"[4.40559, 4.47423, 4.43036, 4.37097, 4.45424, 4.55495, 4.60577, 4.68262, 4.70865, 4.65129, 4.70049, 4.59269, 4.61586, 4.45762, 4.5629, 4.53291, 4.52861, 4.51993]","[0.312202, 0.316599, 0.320996, 0, 0, 0, 0.156101, 0.1583, 0.160498, 0.156101, 0.1583, 0.316599, 0.320996, 0.151704, 0.153902, 0.312202, 0.316599, 0.320996]","[2.33358, 2.35397, 2.57813, 2.11209, 2.10098, 2.05055, 1.92739, 1.92565, 2.04468, 1.81479, 1.88162, 2.11356, 2.22904, 1.91649, 1.84678, 2.07547, 2.24757, 2.41765]","[0, 0, 0, 0.147187, 0.147187, 0.147187, 0.294373, 0.294373, 0.294373, 0.44156, 0.44156, -0.294373, -0.294373, -0.147187, -0.147187, -0.147187, -0.147187, -0.147187]",0,"[]","[]","[]","[]",26/11/2025 19:44:07
6,"[4.49204, 4.55896, 4.60935, 4.48619, 4.50495, 4.55712]","[0.153902, -0.153902, -0.156101, 0.151704, 0.153902, 0]","[2.01304, 1.8565, 1.91881, 1.84863, 1.98398, 2.04573]","[0, -0.294373, -0.294373, -0.147187, -0.147187, -0.147187]",0,"[]","[]","[]","[]",26/11/2025 19:44:08
1,"[4.33929]","[0]","[2.32915]","[0.147187]",0,"[]","[]","[]","[]",26/11/2025 19:44:09
2,"[4.47341, 4.5734]","[0, 0]","[2.05984, 2.00907]","[0.147187, 0.147187]",0,"[]","[]","[]","[]",26/11/2025 19:44:10
2,"[4.58856, 4.66529]","[-0.153902, 0]","[1.78208, 1.78533]","[-0.147187, -0.147187]",0,"[]","[]","[]","[]",26/11/2025 19:44:11
8,"[4.49731, 4.47631, 4.33207, 4.40436, 4.5579, 4.33602, 4.45567, 4.58495]","[0.153902, 0.29901, 0.303407, 0.461707, 0.468303, 0.303407, 0.307805, 0.312202]","[2.00122, 1.66176, 2.16968, 2.15472, 1.98961, 2.16177, 2.07525, 1.95782]","[0.147187, -1.17749, -0.294373, -0.294373, -0.294373, -0.147187, -0.147187, -0.147187]",0,"[]","[]","[]","[]",26/11/2025 19:44:17
5,"[4.59951, 4.51066, 4.70762, 4.59286, 4.54444]","[0.1583, 0.160498, 0.1583, 0.160498, 0.162697]","[2.11651, 2.45074, 1.86372, 2.29298, 2.53517]","[0, 0, -0.147187, -0.147187, -0.147187]",0,"[]","[]","[]","[]",26/11/2025 19:44:18
16,"[4.42552, 4.4641, 4.4955, 4.48355, 4.36784, 4.40544, 4.41047, 4.36427, 4.2841, 4.30771, 4.31072, 4.68958, 4.73706, 4.52346, 4.61442, 4.67656]","[-0.29901, -0.151704, -0.153902, 0, -0.29901, -0.303407, -0.153902, 0, -0.29901, -0.303407, -0.153902, 0.1583, 0.320996, 0.156101, 0.1583, 0.160498]","[1.79265, 1.90135, 2.00528, 2.20229, 1.92893, 2.01652, 2.18597, 2.43011, 2.10838, 2.21764, 2.37664, 1.90864, 1.95835, 2.11335, 2.08379, 2.11705]","[0, 0, 0, 0, 0.147187, 0.147187, 0.147187, 0.147187, 0.294373, 0.294373, 0.294373, -0.294373, -0.294373, -0.147187, -0.147187, -0.147187]",0,"[]","[]","[]","[]",26/11/2025 19:44:19
4,"[4.29953, 4.38319, 4.42874, 4.38218]","[0.151704, 0.29901, 0.303407, 0.307805]","[2.24887, 1.8938, 1.96483, 2.22623]","[0.147187, -0.147187, -0.147187, -0.147187]",0,"[]","[]","[]","[]",26/11/2025 19:44:21
10,"[4.53045, 4.48708, 4.50047, 4.55731, 4.52887, 4.56733, 4.62007, 4.46144, 4.511, 4.55246]","[0.151704, 0.307805, 0.312202, 0.316599, 0.303407, -0.153902, -0.156101, -0.307805, -0.156101, -0.1583]","[1.73735, 2.00643, 2.1449, 2.18879, 1.72152, 1.8358, 1.89286, 2.06282, 2.13981, 2.2159]","[0.147187, 0.147187, 0.147187, 0.147187, 0.294373, -0.44156, -0.44156, -0.294373, -0.294373, -0.294373]",0,"[]","[]","[]","[]",26/11/2025 19:44:22
13,"[4.40565, 4.46885, 4.48004, 4.53133, 4.62054, 4.33348, 4.38916, 4.41233, 4.42214, 4.41359, 4.20724, 4.26069, 4.26288]","[0, 0, 0.156101, 0.1583, 0.160498, 0, 0, 0, 0, 0, 0, 0, 0]","[2.03878, 2.06972, 2.20389, 2.2588, 2.23669, 2.18799, 2.23376, 2.34173, 2.4708, 2.62642, 2.42188, 2.47001, 2.60388]","[0, 0, 0, 0, 0, 0.147187, 0.147187, 0.147187, 0.147187, 0.147187, 0.294373, 0.294373, 0.294373]",0,"[]","[]","[]","[]",26/11/2025 19:44:23
6,"[4.41194, 4.43382, 4.5598, 4.38565, 4.53712, 4.66015]","[0, 0, 0, 0, 0, 0]","[2.18841, 2.14374, 2.03973, 2.08145, 1.91544, 1.79869]","[0, 0.147187, 0.147187, -0.147187, -0.147187, -0.147187]",0,"[]","[]","[]","[]",26/11/2025 19:44:24
11,"[4.70546, 4.77487, 4.43497, 4.51065, 4.57692, 4.64697, 4.69721, 4.69012, 4.59744, 4.64509, 4.75712]","[0.320996, 0.325393, 0, 0.156101, 0.316599, 0.320996, 0.325393, 0.329791, 0.320996, 0.325393, 0.156101]","[2.0331, 2.04946, 2.14136, 2.14057, 2.1475, 2.16344, 2.22167, 2.39522, 2.26679, 2.32868, 1.51583]","[0, 0, 0.147187, 0.147187, 0.147187, 0.147187, 0.147187, 0.147187, 0.294373, 0.294373, -0.147187]",0,"[]","[]","[]","[]",26/11/2025 19:44:25
1,"[4.62301]","[0]","[1.69769]","[-0.147187]",0,"[]","[]","[]","[]",26/11/2025 19:44:26
4,"[4.82681, 4.76637, 4.48979, 4.55459]","[0.1583, 0.160498, 0, 0]","[1.52873, 1.90625, 1.84612, 1.87353]","[0, 0.147187, -0.147187, -0.147187]",0,"[]","[]","[]","[]",26/11/2025 19:44:27
10,"[4.79865, 4.88239, 4.71542, 4.77011, 4.8335, 4.715, 4.74132, 4.78703, 4.65049, 4.50605]","[-0.1583, 0, -0.156101, -0.1583, -0.160498, -0.156101, -0.1583, -0.160498, -0.1583, 0.153902]","[1.61494, 1.59379, 1.64097, 1.69738, 1.729, 1.64217, 1.77622, 1.85377, 2.00202, 1.98146]","[0, 0, 0.147187, 0.147187, 0.147187, 0.294373, 0.294373, 0.294373, 0.44156, -0.147187]",0,"[]","[]","[]","[]",26/11/2025 19:44:28
11,"[4.42331, 4.44488, 4.42432, 4.37391, 4.54316, 4.60266, 4.62512, 4.48088, 4.52483, 4.53953, 4.40844]","[-0.151704, -0.153902, 0, 0, -0.151704, -0.153902, 0, -0.151704, -0.153902, -0.156101, 0]","[1.99441, 2.11512, 2.31898, 2.55521, 1.70383, 1.74533, 1.88694, 1.86146, 1.93821, 2.07862, 2.49515]","[0, 0, 0, 0, -0.294373, -0.294373, -0.294373, -0.147187, -0.147187, -0.147187, -0.147187]",0,"[]","[]","[]","[]",26/11/2025 19:44:29
11,"[4.26385, 4.35887, 4.45481, 4.53948, 4.59384, 4.46869, 4.54257, 4.60566, 4.49776, 4.24289, 4.40776]","[0.153902, 0.156101, -0.151704, 0, 0, -0.151704, -0.153902, 0, -0.153902, 0.312202, 0.316599]","[2.45974, 2.43478, 1.92302, 1.90985, 1.96188, 1.89054, 1.89625, 1.93397, 2.00022, 2.61777, 2.4762]","[0, 0, 0.147187, 0.147187, 0.147187, 0.294373, 0.294373, 0.294373, 0.44156, -0.147187, -0.147187]",0,"[]","[]","[]","[]",26/11/2025 19:44:30
7,"[4.0693, 4.26848, 4.30083, 4.04089, 4.17849, 4.36072, 4.40221]","[0.303407, 0.153902, 0.303407, 0.29901, 0.303407, 0.153902, 0.156101]","[2.62965, 2.45168, 2.23095, 2.54361, 2.45245, 2.2836, 2.35553]","[0, 0, -0.294373, -0.147187, -0.147187, -0.147187, -0.147187]",0,"[]","[]","[]","[]",26/11/2025 19:44:31
18,"[4.38797, 4.50191, 4.65846, 4.87243, 5.07912, 4.26233, 4.30226, 4.41194, 4.76214, 5.02142, 5.09231, 4.21036, 4.28196, 5.06827, 4.65472, 4.66897, 4.60174, 4.64952]","[0.29901, 0.303407, 0, 0.160498, 0.162697, 0.294613, 0.29901, 0.303407, 0.153902, 0.160498, 0.162697, 0.29901, 0.303407, 0.162697, -0.1583, -0.160498, -0.1583, -0.160498]","[1.88269, 1.79083, 1.98971, 1.61602, 1.13206, 1.99141, 2.07109, 2.00227, 1.24608, 1.06653, 1.07116, 2.25203, 2.26695, 1.17971, 1.99215, 2.13375, 2.11164, 2.1758]","[0, 0, 0, 0, 0, 0.147187, 0.147187, 0.147187, 0.147187, 0.147187, 0.147187, 0.294373, 0.294373, 0.294373, -0.294373, -0.294373, -0.147187, -0.147187]",0,"[]","[]","[]","[]",26/11/2025 19:44:32
8,"[4.30092, 4.33318, 4.31674, 4.45448, 4.45977, 4.36336, 4.39713, 4.39072]","[-0.147307, -0.149505, -0.151704, -0.149505, -0.151704, -0.147307, -0.149505, -0.151704]","[1.92363, 2.02223, 2.21565, 1.73881, 1.91149, 1.77747, 1.87912, 2.06517]","[0, 0, 0, -0.294373, -0.294373, -0.147187, -0.147187, -0.147187]",0,"[]","[]","[]","[]",26/11/2025 19:44:33
8,"[4.44819, 4.49741, 4.49982, 4.45756, 4.54668, 4.67085, 4.27904, 4.26398]","[0, 0, 0, 0, 0, 0, 0.153902, 0.156101]","[1.94422, 2.0069, 2.16886, 1.92264, 1.89264, 1.77072, 2.4332, 2.59739]","[0, 0, 0, 0.147187, 0.147187, 0.147187, -0.147187, -0.147187]",0,"[]","[]","[]","[]",26/11/2025 19:44:34
3,"[4.23159, 4.15706, 4.13944]","[0, 0.147307, 0.149505]","[2.51953, 2.21746, 2.39394]","[0.147187, -0.147187, -0.147187]",0,"[]","[]","[]","[]",26/11/2025 19:44:35
4,"[4.24981, 4.13849, 4.18469, 4.18912]","[0.29901, 0.147307, 0.149505, 0.303407]","[2.17668, 2.25193, 2.31393, 2.43424]","[0, 0.147187, 0.147187, 0.147187]",0,"[]","[]","[]","[]",26/11/2025 19:44:36
6,"[4.44406, 4.50789, 4.78945, 4.70271, 4.67211, 4.6282]","[-0.468303, -0.316599, -0.1583, -0.156101, -0.1583, -0.160498]","[2.23234, 2.28886, 1.64202, 1.67705, 1.95103, 2.22079]","[0, 0, -0.294373, -0.147187, -0.147187, -0.147187]",0,"[]","[]","[]","[]",26/11/2025 19:44:37
13,"[4.22692, 4.4151, 4.55323, 4.73694, 4.79191, 4.51253, 4.64612, 4.6748, 4.67327, 4.5783, 4.41798, 4.51517, 4.48339]","[0, 0, 0, -0.1583, -0.160498, -0.156101, -0.1583, -0.160498, -0.162697, -0.160498, 0.151704, 0.153902, 0.156101]","[2.38735, 2.18203, 2.05437, 1.78787, 1.84112, 2.13659, 2.01214, 2.12094, 2.28902, 2.32191, 2.00619, 1.9606, 2.19707]","[0.147187, 0.147187, 0.147187, 0.147187, 0.147187, 0.294373, 0.294373, 0.294373, 0.294373, 0.44156, -0.147187, -0.147187, -0.147187]",0,"[]","[]","[]","[]",26/11/2025 19:44:38
1,"[4.18086]","[0.29901]","[2.30635]","[0.147187]",0,"[]","[]","[]","[]",26/11/2025 19:44:39
5,"[4.1473, 4.16377, 4.54497, 4.20086, 4.19932]","[0.149505, 0.151704, 0, 0.149505, 0.303407]","[2.38029, 2.49125, 2.07258, 2.28444, 2.4166]","[0, 0, 0.147187, -0.147187, -0.147187]",0,"[]","[]","[]","[]",26/11/2025 19:44:41
4,"[4.47239, 4.59995, 4.54636, 4.57282]","[0.156101, 0.312202, 0.307805, 0.312202]","[2.21939, 1.92232, 1.86822, 1.986]","[0.147187, 0.294373, 0.44156, 0.44156]",0,"[]","[]","[]","[]",26/11/2025 19:44:43
4,"[4.64047, 4.67899, 4.60373, 4.46772]","[0.455111, 0.461707, 0.461707, 0.316599]","[1.35103, 1.46571, 1.68727, 2.36631]","[-0.735933, -0.735933, -0.588746, -0.147187]",0,"[]","[]","[]","[]",26/11/2025 19:44:44
13,"[4.32086, 4.39113, 4.4344, 4.32949, 4.47399, 4.36761, 4.45516, 4.52045, 4.53614, 4.32796, 4.37888, 4.4426, 4.45458]","[-0.153902, -0.156101, 0, 0.151704, 0.1583, -0.151704, -0.153902, -0.156101, 0, -0.151704, -0.153902, -0.156101, 0]","[2.35816, 2.37611, 2.44872, 2.19062, 2.37035, 2.11361, 2.09338, 2.11977, 2.25467, 2.19366, 2.24858, 2.27844, 2.41181]","[0, 0, 0, 0.147187, 0.147187, -0.294373, -0.294373, -0.294373, -0.294373, -0.147187, -0.147187, -0.147187, -0.147187]",0,"[]","[]","[]","[]",26/11/2025 19:44:45
15,"[4.42705, 4.43658, 4.50546, 4.52172, 4.43672, 4.42153, 4.45839, 4.44852, 4.41373, 4.3791, 4.39373, 4.54719, 4.66489, 4.4278, 4.60973]","[-0.151704, 0, 0, 0, -0.151704, -0.153902, -0.156101, 0, -0.303407, -0.153902, -0.156101, 0.316599, 0.320996, 0.316599, 0.320996]","[1.98609, 2.13802, 2.15711, 2.28346, 1.9644, 2.16351, 2.24738, 2.42298, 1.99831, 2.24814, 2.3713, 2.20975, 2.12453, 2.44018, 2.2417]","[0.147187, 0.147187, 0.147187, 0.147187, 0.294373, 0.294373, 0.294373, 0.294373, 0.44156, 0.44156, 0.44156, -0.294373, -0.294373, -0.147187, -0.147187]",0,"[]","[]","[]","[]",26/11/2025 19:44:46
7,"[4.58638, 4.64337, 4.51333, 4.56897, 4.56426, 4.48696, 4.50738]","[-0.156101, 0, -0.156101, -0.1583, 0, -0.156101, -0.1583]","[1.97308, 2.02467, 2.1349, 2.18166, 2.35486, 2.18977, 2.30622]","[-0.44156, -0.44156, -0.294373, -0.294373, -0.294373, -0.147187, -0.147187]",0,"[]","[]","[]","[]",26/11/2025 19:44:47
15,"[4.38341, 4.46649, 4.59498, 4.72784, 4.6207, 4.48722, 4.57187, 4.68945, 4.85833, 4.8801, 4.43112, 4.52493, 4.65053, 4.77674, 4.71522]","[0, 0.153902, 0.156101, 0.1583, 0.160498, 0.151704, 0.153902, 0.156101, 0.1583, 0.160498, 0.151704, 0.153902, 0.156101, 0.1583, 0.160498]","[2.08616, 2.06909, 1.95296, 1.81181, 2.23636, 1.84613, 1.82447, 1.71378, 1.42538, 1.59271, 1.97699, 1.93796, 1.81674, 1.67863, 2.0295]","[0, 0, 0, 0, 0, -0.294373, -0.294373, -0.294373, -0.294373, -0.294373, -0.147187, -0.147187, -0.147187, -0.147187, -0.147187]",0,"[]","[]","[]","[]",26/11/2025 19:44:48
15,"[4.46061, 4.51089, 4.86892, 4.9169, 4.38196, 4.38877, 4.46024, 4.80563, 4.89695, 4.39577, 4.45385, 4.63769, 4.78979, 4.44139, 4.46336]","[0, 0, 0, 0.1583, 0, 0, 0, 0, 0, -0.151704, -0.153902, 0, 0, -0.151704, -0.153902]","[1.91555, 1.97643, 1.11623, 1.20797, 1.92007, 2.07485, 2.08821, 1.36318, 1.29615, 2.0544, 2.09616, 1.85583, 1.64865, 1.95381, 2.07585]","[0, 0, 0, 0, 0.147187, 0.147187, 0.147187, 0.147187, 0.147187, 0.294373, 0.294373, 0.294373, 0.294373, 0.44156, 0.44156]",0,"[]","[]","[]","[]",26/11/2025 19:44:49
11,"[4.28375, 4.33473, 4.53213, 4.54719, 4.50283, 4.4868, 4.56126, 4.31897, 4.35518, 4.41516, 4.23072]","[-0.153902, -0.156101, -0.151704, -0.153902, -0.151704, 0, -0.156101, 0, 0, -0.156101, -0.1583]","[2.4249, 2.4775, 1.73297, 1.88515, 1.80773, 2.03052, 2.03049, 2.2165, 2.29931, 2.33117, 2.78138]","[0, 0, -0.44156, -0.44156, -0.294373, -0.294373, -0.294373, -0.147187, -0.147187, -0.147187, -0.147187]",0,"[]","[]","[]","[]",26/11/2025 19:44:50
1,"[4.556]","[-0.156101]","[2.04227]","[0]",0,"[]","[]","[]","[]",26/11/2025 19:44:51
8,"[4.13843, 4.20282, 4.63014, 4.70432, 4.79721, 4.57363, 4.65814, 4.71549]","[0, 0, 0.307805, 0.312202, 0.316599, 0.307805, 0.312202, 0.316599]","[2.53767, 2.56723, 1.64968, 1.65053, 1.59584, 1.80042, 1.77669, 1.82321]","[0.147187, 0.147187, -0.44156, -0.44156, -0.44156, -0.294373, -0.294373, -0.294373]",0,"[]","[]","[]","[]",26/11/2025 19:44:52
11,"[4.48779, 4.555, 4.47524, 4.47193, 4.51187, 4.45384, 4.40203, 4.45427, 4.42721, 4.63583, 4.4916]","[0.149505, 0.151704, 0.153902, 0.149505, 0.151704, 0.153902, 0.149505, 0.151704, 0.153902, -0.160498, -0.162697]","[1.65093, 1.67193, 2.0501, 1.69342, 1.78504, 2.0962, 1.86761, 1.92426, 2.15187, 2.20481, 2.62766]","[0, 0, 0, 0.147187, 0.147187, 0.147187, 0.294373, 0.294373, 0.294373, -0.147187, -0.147187]",0,"[]","[]","[]","[]",26/11/2025 19:44:53
2,"[4.21304, 4.22389]","[-0.151704, 0]","[2.407, 2.53242]","[0.147187, 0.147187]",0,"[]","[]","[]","[]",26/11/2025 19:44:54
1,"[4.44712]","[0.156101]","[2.2696]","[0]",0,"[]","[]","[]","[]",26/11/2025 19:44:55
7,"[4.58329, 4.63816, 4.57813, 4.62394, 4.55735, 4.5576, 4.52183]","[-0.153902, -0.156101, -0.153902, -0.156101, 0, -0.156101, -0.1583]","[1.7956, 1.84807, 1.8087, 1.88339, 2.2115, 2.03869, 2.27776]","[-0.44156, -0.44156, -0.294373, -0.294373, -0.294373, -0.147187, -0.147187]",0,"[]","[]","[]","[]",26/11/2025 19:44:57
1,"[4.2889]","[-0.153902]","[2.41579]","[0.147187]",0,"[]","[]","[]","[]",26/11/2025 19:44:58
11,"[4.7125, 4.89105, 4.33427, 4.58387, 4.64043, 4.62534, 4.89119, 4.57355, 4.55107, 4.60491, 4.7359]","[0.156101, -0.160498, 0, 0, 0.156101, 0.1583, -0.160498, 0, 0.303407, 0.307805, 0.156101]","[1.64934, 1.55878, 2.18643, 1.8007, 1.84239, 2.05945, 1.55834, 2.00871, 1.66195, 1.71885, 1.5809]","[0, 0, 0.147187, 0.147187, 0.147187, 0.147187, 0.147187, 0.294373, -0.147187, -0.147187, -0.147187]",0,"[]","[]","[]","[]",26/11/2025 19:44:59
10,"[4.43804, 4.41627, 4.39615, 4.38866, 4.3404, 4.33049, 4.64787, 4.72194, 4.97768, 5.1262]","[-0.151704, -0.153902, -0.156101, -0.1583, -0.153902, -0.312202, 0, 0, 0, 0.164895]","[1.9614, 2.17423, 2.36681, 2.52482, 2.32199, 2.47016, 1.6284, 1.62959, 1.52586, 1.24014]","[0.147187, 0.147187, 0.147187, 0.147187, 0.294373, 0.294373, -0.147187, -0.147187, -0.147187, -0.147187]",0,"[]","[]","[]","[]",26/11/2025 19:45:00
4,"[4.52967, 4.35039, 4.46773, 4.51541]","[0.153902, 0.151704, 0.153902, 0.156101]","[1.92685, 2.14882, 2.06641, 2.13051]","[0, 0.147187, 0.147187, 0.147187]",0,"[]","[]","[]","[]",26/11/2025 19:45:01
4,"[4.52686, 4.59917, 4.67596, 4.76324]","[-0.153902, 0, 0, 0.156101]","[1.93344, 1.94935, 1.5459, 1.49649]","[0.147187, 0.147187, -0.147187, -0.147187]",0,"[]","[]","[]","[]",26/11/2025 19:45:03
2,"[4.14455, 4.1656]","[0, 0]","[2.2456, 2.35287]","[0.147187, 0.147187]",0,"[]","[]","[]","[]",26/11/2025 19:45:04
1,"[4.69611]","[-0.307805]","[1.45128]","[-0.147187]",0,"[]","[]","[]","[]",26/11/2025 19:45:05
2,"[4.11852, 4.22312]","[0, 0]","[2.43433, 2.39407]","[0.147187, 0.147187]",0,"[]","[]","[]","[]",26/11/2025 19:45:06
17,"[3.96513, 3.83061, 4.21757, 4.28235, 4.60202, 4.70847, 4.7856, 4.82678, 4.77731, 4.30593, 4.39325, 4.38797, 4.45173, 4.27599, 4.39332, 4.38715, 4.34492]","[0, -0.303407, -0.153902, 0, 0.29901, 0.455111, 0.461707, 0.468303, 0.461707, 0.149505, 0.151704, 0.153902, 0, 0.149505, 0.151704, 0.153902, 0.156101]","[2.67694, 2.9666, 2.53827, 2.57174, 1.27288, 1.09067, 1.06734, 1.19801, 1.10389, 2.07963, 2.05977, 2.23078, 2.26592, 2.1405, 2.05962, 2.23241, 2.4596]","[0, 0, 0, 0, 0.147187, 0.147187, 0.147187, 0.147187, 0.294373, -0.294373, -0.294373, -0.294373, -0.294373, -0.147187, -0.147187, -0.147187, -0.147187]",0,"[]","[]","[]","[]",26/11/2025 19:45:08
4,"[4.34919, 4.49653, 4.48381, 4.55502]","[0, 0, 0, 0.153902]","[2.15659, 2.00888, 1.86059, 1.86615]","[0.147187, 0.147187, -0.147187, -0.147187]",0,"[]","[]","[]","[]",26/11/2025 19:45:09
9,"[4.43368, 4.57481, 4.68146, 4.66584, 4.76082, 4.46058, 4.64253, 4.73608, 4.72089]","[-0.153902, 0, 0, 0, 0, 0, 0, 0, 0]","[2.13849, 2.00584, 1.93496, 1.7839, 1.73053, 2.0875, 1.84371, 1.79713, 2.02265]","[0, 0, 0, -0.294373, -0.294373, -0.147187, -0.147187, -0.147187, -0.147187]",0,"[]","[]","[]","[]",26/11/2025 19:45:10
8,"[4.67563, 4.67649, 4.316, 4.46422, 4.59831, 5.18261, 4.30867, 4.38046]","[0.153902, 0.156101, 0.151704, 0.153902, 0.156101, 0.164895, 0, 0.153902]","[1.53922, 1.74882, 2.21709, 2.07399, 1.94513, 0.977935, 2.23646, 2.2455]","[0, 0, 0.147187, 0.147187, 0.147187, 0.147187, -0.147187, -0.147187]",0,"[]","[]","[]","[]",26/11/2025 19:45:11
11,"[4.42405, 4.52427, 4.60823, 4.3928, 4.45245, 4.5483, 4.30992, 4.68662, 4.47334, 4.58501, 4.66923]","[0, 0.153902, 0.156101, -0.151704, -0.153902, 0, -0.153902, 0.153902, 0.151704, 0.153902, 0.312202]","[1.99853, 1.93951, 1.9215, 2.06075, 2.09915, 2.06527, 2.37809, 1.50543, 1.87951, 1.79119, 1.74734]","[0, 0, 0, 0.147187, 0.147187, 0.147187, 0.294373, -0.294373, -0.147187, -0.147187, -0.147187]",0,"[]","[]","[]","[]",26/11/2025 19:45:12
8,"[4.55103, 4.58577, 4.59352, 4.50962, 4.53918, 4.55774, 5.04826, 4.51399]","[0.151704, 0.153902, 0.156101, 0.151704, 0.153902, 0, 0.162697, 0]","[1.68269, 1.78924, 1.9564, 1.79073, 1.90436, 2.04433, 1.26258, 1.96934]","[0, 0, 0, 0.147187, 0.147187, 0.147187, 0.147187, 0.294373]",0,"[]","[]","[]","[]",26/11/2025 19:45:13
8,"[4.52062, 4.58268, 4.56636, 4.66034, 4.7042, 4.61347, 4.67006, 4.70055]","[0, 0, 0.1583, 0, 0.156101, 0, 0, 0.1583]","[1.95406, 1.98779, 2.1871, 1.59235, 1.67285, 1.72344, 1.77281, 1.88148]","[0, 0, 0, -0.294373, -0.294373, -0.147187, -0.147187, -0.147187]",0,"[]","[]","[]","[]",26/11/2025 19:45:14
8,"[4.35712, 4.5897, 4.80184, 4.07812, 4.19253, 4.29001, 4.56478, 4.82356]","[0, 0, 0, 0, 0, 0, 0, 0]","[2.29562, 1.97153, 1.61322, 2.76104, 2.44725, 2.41871, 2.02856, 1.54708]","[0, 0, 0, 0.147187, -0.147187, -0.147187, -0.147187, -0.147187]",0,"[]","[]","[]","[]",26/11/2025 19:45:16
2,"[4.37259, 4.39784]","[0, 0]","[2.10874, 2.21661]","[-0.147187, -0.147187]",0,"[]","[]","[]","[]",26/11/2025 19:45:17
1,"[4.57322]","[0.153902]","[1.82109]","[0.147187]",0,"[]","[]","[]","[]",26/11/2025 19:45:18
6,"[4.47704, 4.57444, 4.31455, 4.42964, 4.50346, 4.51836]","[0, 0, 0.307805, 0.312202, 0.153902, 0.156101]","[2.05196, 2.00668, 2.35462, 2.28761, 1.98736, 2.12423]","[0, 0, 0.147187, 0.147187, -0.147187, -0.147187]",0,"[]","[]","[]","[]",26/11/2025 19:45:19
6,"[4.56392, 4.59006, 4.50958, 4.65, 4.6511, 4.61898]","[-0.153902, -0.156101, -0.1583, -0.153902, -0.156101, 0]","[1.84428, 1.96452, 2.30191, 1.61498, 1.81527, 2.07969]","[0, 0, 0, -0.147187, -0.147187, -0.147187]",0,"[]","[]","[]","[]",26/11/2025 19:45:21
9,"[4.60227, 4.65087, 4.6647, 4.50025, 4.59826, 4.7312, 4.44273, 4.56059, 4.27608]","[0.303407, 0.307805, 0.312202, 0.151704, 0.153902, 0.312202, 0.151704, 0.153902, 0.151704]","[1.51439, 1.59029, 1.75938, 1.81413, 1.7569, 1.5718, 1.95077, 1.85248, 2.29313]","[0, 0, 0, 0.147187, 0.147187, 0.147187, 0.294373, 0.294373, -0.147187]",0,"[]","[]","[]","[]",26/11/2025 19:45:22
5,"[4.58944, 4.6436, 4.50966, 4.49689, 4.46026]","[0, 0, -0.151704, 0, 0]","[1.58222, 1.64053, 1.79061, 2.00807, 2.24908]","[0, 0, 0.147187, 0.147187, 0.147187]",0,"[]","[]","[]","[]",26/11/2025 19:45:23
7,"[4.43684, 4.51739, 4.53234, 4.41817, 4.56402, 4.55633, 4.51847]","[0, 0, 0, 0.307805, -0.151704, -0.153902, 0]","[1.96996, 1.96152, 2.10006, 2.15394, 1.64714, 1.86294, 2.12973]","[0, 0, 0, 0.147187, -0.147187, -0.147187, -0.147187]",0,"[]","[]","[]","[]",26/11/2025 19:45:24
11,"[4.48547, 4.53627, 4.57857, 4.60614, 4.3409, 4.43634, 4.49384, 4.54004, 4.23548, 4.31456, 4.32829]","[0.151704, 0.153902, 0, 0, 0.151704, 0, 0, 0, 0.151704, 0, 0]","[1.85038, 1.91128, 1.99724, 2.10799, 2.16793, 2.13853, 2.18123, 2.24682, 2.3673, 2.37465, 2.49364]","[0, 0, 0, 0, 0.147187, 0.147187, 0.147187, 0.147187, 0.294373, 0.294373, 0.294373]",0,"[]","[]","[]","[]",26/11/2025 19:45:26
1,"[4.47254]","[0]","[2.06174]","[-0.147187]",0,"[]","[]","[]","[]",26/11/2025 19:45:27
4,"[4.37305, 4.58189, 4.61616, 4.59505]","[0.153902, 0, -0.156101, 0]","[2.2599, 1.98962, 1.90238, 2.13206]","[0.147187, 0.147187, -0.147187, -0.147187]",0,"[]","[]","[]","[]",26/11/2025 19:45:29
1,"[4.56046]","[0.153902]","[1.85282]","[-0.147187]",0,"[]","[]","[]","[]",26/11/2025 19:45:30
3,"[4.72568, 4.66032, 4.67801]","[0.307805, 0.307805, 0.312202]","[1.35188, 1.56239, 1.72367]","[0, 0.147187, 0.147187]",0,"[]","[]","[]","[]",26/11/2025 19:45:31
7,"[4.5436, 4.66068, 4.73652, 4.71906, 4.63547, 4.55998, 4.55547]","[0, 0, 0.156101, 0.1583, 0.156101, 0, 0]","[2.2396, 2.15775, 1.57902, 1.83454, 1.85483, 2.20608, 2.37184]","[0, 0, 0.147187, 0.147187, -0.147187, -0.147187, -0.147187]",0,"[]","[]","[]","[]",26/11/2025 19:45:33
11,"[4.69389, 4.74985, 4.79163, 4.67552, 4.69599, 4.74936, 4.61375, 4.64916, 4.70597, 4.49066, 4.56631]","[0, 0, 0, 0, 0, 0, 0, 0, 0, 0.312202, 0.1583]","[1.49055, 1.54637, 1.64329, 1.54721, 1.70295, 1.76173, 1.72269, 1.82692, 1.87457, 2.16537, 2.18721]","[0, 0, 0, 0.147187, 0.147187, 0.147187, 0.294373, 0.294373, 0.294373, -0.147187, -0.147187]",0,"[]","[]","[]","[]",26/11/2025 19:45:35
9,"[4.53285, 4.60382, 4.60934, 4.67557, 4.74618, 4.54747, 4.6063, 4.6712, 4.73647]","[0.153902, 0.156101, 0.1583, 0.153902, 0.156101, 0.151704, 0.153902, 0.156101, 0.1583]","[1.91938, 1.93203, 2.09501, 1.53939, 1.54974, 1.69229, 1.73571, 1.7629, 1.78913]","[0, 0, 0, -0.294373, -0.294373, -0.147187, -0.147187, -0.147187, -0.147187]",0,"[]","[]","[]","[]",26/11/2025 19:45:36
8,"[4.69442, 4.73794, 4.52609, 4.68762, 4.74623, 4.82872, 4.80076, 4.88154]","[0.153902, 0.156101, 0.151704, 0.153902, 0.156101, 0.316599, 0.307805, 0.156101]","[1.48092, 1.57475, 1.74866, 1.50231, 1.54961, 1.49778, 1.0547, 1.04809]","[0, 0, 0.147187, 0.147187, 0.147187, 0.147187, -0.147187, -0.147187]",0,"[]","[]","[]","[]",26/11/2025 19:45:37
11,"[4.81608, 4.85033, 4.75264, 4.59205, 4.39926, 4.29819, 4.80536, 4.90102, 4.81291, 4.89445, 4.89849]","[-0.606815, -0.461707, -0.312202, -0.455111, -0.461707, -0.312202, -0.606815, -0.461707, -0.606815, -0.461707, -0.468303]","[-0.0592216, 0.717971, 1.50574, 1.50741, 2.16511, 2.52595, -0.326581, 0.145482, -0.184527, 0.292517, 0.858976]","[0, 0, 0, 0.147187, 0.147187, 0.147187, -0.294373, -0.294373, -0.147187, -0.147187, -0.147187]",0,"[]","[]","[]","[]",26/11/2025 19:45:39
3,"[4.27678, 4.31076, 4.28976]","[-0.151704, -0.153902, -0.156101]","[2.29184, 2.37657, 2.55458]","[0.147187, 0.147187, 0.147187]",0,"[]","[]","[]","[]",26/11/2025 19:45:40
3,"[4.50358, 4.42542, 4.56002]","[0.153902, 0, 0]","[1.98708, 1.99549, 1.86027]","[0.147187, -0.147187, -0.147187]",0,"[]","[]","[]","[]",26/11/2025 19:45:41
7,"[4.20579, 4.3365, 3.99554, 4.12246, 4.34236, 4.44428, 4.34451]","[0.153902, 0.156101, 0.149505, 0.151704, 0.153902, 0.156101, 0.1583]","[2.55774, 2.47441, 2.62708, 2.55903, 2.31832, 2.27515, 2.60006]","[0, 0, -0.147187, -0.147187, -0.147187, -0.147187, -0.147187]",0,"[]","[]","[]","[]",26/11/2025 19:45:42
9,"[4.32901, 4.48778, 4.61886, 4.1692, 4.29432, 4.43596, 4.54516, 4.47422, 4.57395]","[0.151704, 0.153902, 0.156101, 0.149505, 0.151704, 0.153902, 0.156101, 0, 0.153902]","[2.19158, 2.02251, 1.89582, 2.34171, 2.25879, 2.13376, 2.06627, 1.88354, 1.81925]","[0, 0, 0, 0.147187, 0.147187, 0.147187, 0.147187, -0.147187, -0.147187]",0,"[]","[]","[]","[]",26/11/2025 19:45:43
3,"[4.24101, 4.19458, 4.1318]","[-0.151704, -0.153902, -0.151704]","[2.35736, 2.57607, 2.54392]","[-0.294373, -0.294373, -0.147187]",0,"[]","[]","[]","[]",26/11/2025 19:45:44
8,"[4.61432, 4.69938, 4.31641, 4.72023, 4.72468, 4.7059, 4.73307, 4.86015]","[0.156101, 0.1583, 0.29901, 0.156101, 0.316599, 0.156101, 0.316599, 0.320996]","[1.90683, 1.88439, 2.04142, 1.62708, 1.79925, 1.66806, 1.77706, 1.62904]","[0, 0, -0.735933, -0.294373, -0.294373, -0.147187, -0.147187, -0.147187]",0,"[]","[]","[]","[]",26/11/2025 19:45:45
12,"[4.69188, 4.75998, 4.86247, 5.01766, 4.64922, 4.70817, 4.80095, 4.95741, 4.56201, 4.62457, 4.72099, 4.93759]","[0.153902, 0.156101, 0.1583, 0.160498, 0.153902, 0.156101, 0.1583, 0.160498, 0.153902, 0.156101, 0.1583, 0.160498]","[1.48893, 1.50684, 1.4112, 1.08407, 1.61723, 1.66165, 1.6081, 1.33275, 1.84898, 1.88184, 1.82957, 1.40438]","[0, 0, 0, 0, 0.147187, 0.147187, 0.147187, 0.147187, 0.294373, 0.294373, 0.294373, 0.294373]",0,"[]","[]","[]","[]",26/11/2025 19:45:49
7,"[4.42948, 4.51368, 4.53549, 4.54859, 4.32269, 4.36854, 4.42679]","[-0.153902, 0, 0.153902, 0.156101, 0, -0.153902, -0.156101]","[2.14719, 2.13987, 1.91311, 2.0587, 2.20922, 2.26861, 2.30899]","[0, 0, 0.147187, 0.147187, -0.147187, -0.147187, -0.147187]",0,"[]","[]","[]","[]",26/11/2025 19:45:51
10,"[4.6323, 4.80638, 4.87476, 4.50185, 4.61999, 4.73543, 4.29081, 4.70878, 4.80501, 4.87617]","[0.151704, 0.307805, 0.468303, 0.151704, 0.153902, 0.156101, 0.151704, 0.151704, 0.461707, 0.468303]","[1.44399, 1.02877, 0.984765, 1.81017, 1.69895, 1.58231, 2.26546, 1.17076, 0.976259, 0.977741]","[0, 0, 0, 0.147187, 0.147187, 0.147187, 0.294373, -0.147187, -0.147187, -0.147187]",0,"[]","[]","[]","[]",26/11/2025 19:45:52
10,"[4.80028, 4.82243, 4.7555, 4.82655, 4.87565, 4.72783, 4.78212, 4.74867, 4.85395, 4.8115]","[0.303407, 0.307805, 0.455111, 0.461707, 0.624404, 0.455111, 0.461707, 0.606815, 0.615609, 0.312202]","[0.656978, 0.950664, 0.8628, 0.863514, 0.88907, 1.00342, 1.08283, 0.805155, 0.560903, 1.30549]","[0, 0, 0.147187, 0.147187, 0.147187, 0.294373, 0.294373, -0.147187, -0.147187, -0.147187]",0,"[]","[]","[]","[]",26/11/2025 19:45:53
15,"[4.74952, 4.76897, 4.78042, 4.75209, 4.71122, 4.71184, 4.72012, 4.75718, 4.64987, 4.67254, 3.6845, 4.73001, 3.33197, 4.69805, 4.79562]","[0.151704, 0.153902, 0.156101, 0.1583, 0.151704, 0.153902, 0.156101, 0.1583, 0.153902, 0.156101, -1.51704, 0, -1.38512, 0.461707, 0.312202]","[0.992686, 1.2197, 1.44068, 1.7472, 1.1609, 1.42451, 1.6274, 1.7333, 1.61537, 1.75935, -2.77298, 1.09242, -3.35169, 1.40339, 1.36268]","[0, 0, 0, 0, 0.147187, 0.147187, 0.147187, 0.147187, 0.294373, 0.294373, -0.147187, -0.147187, -0.147187, -0.147187, -0.147187]",0,"[]","[]","[]","[]",26/11/2025 19:45:54
14,"[4.83745, 4.80959, 4.77134, 4.51967, 4.61082, 4.66457, 4.70221, 4.44011, 4.54626, 4.60624, 4.56802, 4.4671, 4.49587, 4.50128]","[0.312202, 0.1583, 0.160498, 0.153902, 0.156101, 0.1583, 0.160498, 0, 0.156101, 0.1583, -0.153902, -0.153902, -0.156101, 0]","[1.20577, 1.58205, 1.89379, 1.95019, 1.91527, 1.96898, 2.05944, 2.13068, 2.06384, 2.10182, 1.83408, 2.06778, 2.17144, 2.3235]","[0, 0, 0, 0.147187, 0.147187, 0.147187, 0.147187, 0.294373, 0.294373, 0.294373, -0.294373, -0.147187, -0.147187, -0.147187]",0,"[]","[]","[]","[]",26/11/2025 19:45:55
16,"[4.1918, 4.31172, 4.24985, 4.38887, 4.14143, 4.33251, 4.58358, 4.63679, 4.5949, 4.4307, 4.41172, 4.42546, 4.38118, 4.36189, 4.65551, 3.57959]","[0, -0.151704, 0, 0.156101, 0, 0, 0.153902, 0.156101, 0.1583, -0.151704, -0.153902, -0.29901, -0.151704, -0.153902, 0.156101, -1.71711]","[2.30586, 2.22541, 2.4886, 2.38028, 2.39515, 2.18992, 1.79485, 1.85153, 2.1265, 1.97793, 2.18344, 1.79279, 2.08533, 2.28136, 1.80393, -3.03157]","[0, 0, 0, 0, 0.147187, 0.147187, 0.147187, 0.147187, 0.147187, -0.294373, -0.294373, -0.147187, -0.147187, -0.147187, -0.147187, -0.147187]",0,"[]","[]","[]","[]",26/11/2025 19:45:56
11,"[4.6962, 4.76592, 4.83166, 4.85105, 4.70988, 4.74595, 4.80275, 4.7992, 4.71968, 4.76574, 4.74909]","[0.448515, 0.455111, 0.461707, 0.468303, 0.29901, 0.455111, 0.461707, 0.468303, 0.455111, 0.461707, 0.468303]","[0.795463, 0.803245, 0.834427, 1.09561, 0.784765, 0.913868, 0.987301, 1.30411, 1.0411, 1.1528, 1.47621]","[0, 0, 0, 0, 0.147187, 0.147187, 0.147187, 0.147187, 0.294373, 0.294373, 0.294373]",0,"[]","[]","[]","[]",26/11/2025 19:45:57
9,"[4.75198, 4.79807, 4.81142, 4.69898, 4.76376, 4.8254, 4.71147, 4.83034, 4.89864]","[-0.151704, 0, 0.156101, 0.303407, 0.307805, 0.312202, 0.307805, -0.455111, -0.307805]","[0.980838, 1.11037, 1.33348, 1.18064, 1.21087, 1.25313, 1.40062, 0.164471, 0.403713]","[0, 0, 0, 0.147187, 0.147187, 0.147187, 0.294373, -0.147187, -0.147187]",0,"[]","[]","[]","[]",26/11/2025 19:45:59
4,"[4.39715, 4.2038, 4.27573, 4.35833]","[-0.151704, -0.149505, -0.151704, -0.153902]","[2.05143, 2.27902, 2.29378, 2.28816]","[0, 0.147187, 0.147187, 0.147187]",0,"[]","[]","[]","[]",26/11/2025 19:46:00
15,"[4.32689, 4.32255, 4.64101, 4.75348, 4.69073, 4.27363, 4.27796, 4.21982, 4.78977, 4.82366, 4.07115, 4.67674, 4.60244, 4.66141, 4.67972]","[0, 0, 0, 0, 0.160498, 0, 0, 0, 0, 0.160498, 0, 0, 0, 0, 0]","[2.20098, 2.36008, 1.84752, 1.7506, 2.08546, 2.3027, 2.43997, 2.6731, 1.64871, 1.75624, 2.7713, 1.94635, 1.75269, 1.79543, 1.93917]","[0, 0, 0, 0, 0, 0.147187, 0.147187, 0.147187, 0.147187, 0.147187, 0.294373, 0.294373, -0.147187, -0.147187, -0.147187]",0,"[]","[]","[]","[]",26/11/2025 19:46:01
7,"[4.51063, 4.44133, 4.47902, 4.49323, 4.56148, 4.57097, 4.54457]","[0, 0, 0, 0, 0, 0, 0]","[2.14628, 2.43613, 2.2115, 2.33903, 2.36025, 2.01458, 2.23763]","[0.147187, -0.44156, -0.294373, -0.294373, -0.294373, -0.147187, -0.147187]",0,"[]","[]","[]","[]",26/11/2025 19:46:02
5,"[4.28564, 4.26666, 4.3125, 4.37788, 4.33185]","[0.153902, 0, 0.151704, 0.153902, 0.156101]","[2.42156, 2.45967, 2.22389, 2.25052, 2.48255]","[0, 0.147187, -0.147187, -0.147187, -0.147187]",0,"[]","[]","[]","[]",26/11/2025 19:46:05
20,"[4.41043, 4.47615, 4.56207, 4.66256, 4.70476, 4.33011, 4.38853, 4.47009, 4.60436, 4.69124, 4.81886, 4.25781, 4.28402, 4.39174, 4.71842, 4.69919, 4.53912, 4.58446, 4.59757, 4.63193]","[0, 0, 0, 0, 0, 0, 0, 0, 0, -0.160498, 0, 0, 0, -0.156101, -0.1583, 0, 0.312202, 0.316599, 0.320996, 0.316599]","[2.0284, 2.05389, 2.03465, 1.98007, 2.05988, 2.19465, 2.23498, 2.22949, 2.11187, 2.08433, 1.9708, 2.33182, 2.42931, 2.37498, 1.83618, 2.07255, 2.06185, 2.13135, 2.26654, 2.02611]","[0, 0, 0, 0, 0, 0.147187, 0.147187, 0.147187, 0.147187, 0.147187, 0.147187, 0.294373, 0.294373, 0.294373, 0.294373, 0.294373, 0.44156, 0.44156, 0.44156, 0.588746]",0,"[]","[]","[]","[]",26/11/2025 19:46:06
10,"[4.47869, 4.52279, 4.55222, 4.60099, 4.62921, 4.66979, 4.54477, 4.57779, 4.6304, 4.74857]","[0.153902, 0, 0.1583, 0.153902, 0.156101, 0.1583, 0.153902, 0.156101, 0.1583, 0.162697]","[2.04254, 2.12055, 2.2164, 1.74974, 1.87039, 1.95657, 1.89097, 1.99293, 2.04805, 2.1284]","[0, 0, 0, -0.294373, -0.294373, -0.294373, -0.147187, -0.147187, -0.147187, -0.147187]",0,"[]","[]","[]","[]",26/11/2025 19:46:07
1,"[4.17205]","[0]","[2.34142]","[0.147187]",0,"[]","[]","[]","[]",26/11/2025 19:46:13
1,"[4.34897]","[-0.156101]","[2.45242]","[0.147187]",0,"[]","[]","[]","[]",26/11/2025 19:46:15
16,"[4.31898, 4.3278, 4.27582, 4.67827, 4.83041, 4.98491, 5.14473, 5.13495, 4.46936, 4.51799, 4.56227, 4.56919, 4.39195, 4.45099, 4.49236, 4.51684]","[0, 0.153902, 0.156101, 0, 0.1583, 0, -0.162697, -0.325393, 0.151704, 0.153902, 0.156101, 0.316599, 0.151704, 0.153902, 0.156101, 0.1583]","[2.21648, 2.34539, 2.57786, 1.75102, 1.51732, 1.23633, 0.781526, 0.794934, 1.88895, 1.95409, 2.02821, 2.16389, 2.06254, 2.10222, 2.17868, 2.28763]","[0, 0, 0, 0.147187, 0.147187, 0.147187, 0.147187, 0.294373, -0.294373, -0.294373, -0.294373, -0.294373, -0.147187, -0.147187, -0.147187, -0.147187]",0,"[]","[]","[]","[]",26/11/2025 19:46:16
18,"[4.28676, 4.41386, 4.51733, 4.61754, 4.51258, 4.58371, 4.59828, 4.55027, 4.50917, 4.51242, 4.47981, 4.42616, 4.49334, 4.53895, 4.3483, 4.41518, 4.45654, 4.49812]","[-0.151704, 0, 0, 0.1583, 0.153902, 0.156101, 0.316599, 0.320996, 0.156101, 0.316599, 0.320996, -0.151704, -0.153902, 0, -0.151704, -0.153902, 0, 0]","[2.2731, 2.18455, 2.13215, 2.07688, 1.96655, 1.97928, 2.10136, 2.36005, 2.14368, 2.2799, 2.49122, 1.98807, 2.01013, 2.08574, 2.15304, 2.17643, 2.25644, 2.3296]","[0, 0, 0, 0, 0.147187, 0.147187, 0.147187, 0.147187, 0.294373, 0.294373, 0.294373, -0.294373, -0.294373, -0.294373, -0.147187, -0.147187, -0.147187, -0.147187]",0,"[]","[]","[]","[]",26/11/2025 19:46:17
3,"[4.64317, 5.17996, 5.23778]","[0, 0, 0]","[2.02511, 0.523009, 0.639309]","[0.147187, 0.147187, 0.147187]",0,"[]","[]","[]","[]",26/11/2025 19:46:18
3,"[4.29142, 4.33433, 4.59634]","[0.151704, 0.153902, 0.156101]","[2.26431, 2.3333, 1.94976]","[0.147187, 0.147187, 0.147187]",0,"[]","[]","[]","[]",26/11/2025 19:46:19
10,"[4.26191, 4.42242, 4.45424, 4.13946, 4.2937, 4.35849, 4.40883, 4.08788, 4.17357, 4.27073]","[0, 0.156101, 0.1583, 0, 0.156101, 0.1583, 0.481494, -1.44448, 0.156101, 0.1583]","[2.46789, 2.31736, 2.40725, 2.66819, 2.54795, 2.57656, 2.59004, -2.75328, 2.7403, 2.71955]","[0, 0, 0, 0.147187, 0.147187, 0.147187, 0.147187, 0.147187, 0.294373, 0.294373]",0,"[]","[]","[]","[]",26/11/2025 19:46:20
2,"[4.66531, 4.70724]","[-0.156101, -0.1583]","[1.77843, 1.86466]","[-0.147187, -0.147187]",0,"[]","[]","[]","[]",26/11/2025 19:46:21
8,"[4.65019, 4.63771, 4.7978, 4.80713, 4.73737, 4.71345, 4.71966, 4.71563]","[0, -0.1583, 0, 0, 0, 0, 0, -0.1583]","[1.82428, 2.03143, 1.39047, 1.59739, 1.98374, 1.4275, 1.63618, 1.84335]","[0, 0, -0.294373, -0.294373, -0.294373, -0.147187, -0.147187, -0.147187]",0,"[]","[]","[]","[]",26/11/2025 19:46:22
1,"[4.58807]","[0]","[1.78998]","[-0.147187]",0,"[]","[]","[]","[]",26/11/2025 19:46:23
2,"[4.50766, 4.5707]","[0.153902, 0.156101]","[1.9778, 2.00913]","[-0.147187, -0.147187]",0,"[]","[]","[]","[]",26/11/2025 19:46:24
1,"[4.5993]","[0]","[1.94904]","[0.147187]",0,"[]","[]","[]","[]",26/11/2025 19:46:25
14,"[4.31314, 4.19799, 4.15169, 4.64339, 4.57891, 4.62527, 4.66726, 4.55927, 4.43969, 4.45947, 4.42773, 4.3954, 4.41003, 4.36961]","[-0.151704, -0.307805, 0, 0.1583, 0.153902, 0.156101, 0.1583, 0.156101, -0.151704, -0.153902, -0.156101, -0.151704, -0.153902, -0.156101]","[2.22264, 2.55665, 2.77773, 2.01842, 1.80673, 1.88011, 1.9626, 2.03495, 1.95767, 2.08419, 2.3072, 2.05519, 2.18685, 2.41546]","[0, 0, 0, 0, 0.147187, 0.147187, 0.147187, 0.294373, -0.294373, -0.294373, -0.294373, -0.147187, -0.147187, -0.147187]",0,"[]","[]","[]","[]",26/11/2025 19:46:26
4,"[4.36326, 4.50748, 4.51681, 4.77406]","[0.153902, 0.153902, 0.156101, -0.160498]","[2.27874, 1.97821, 2.12754, 1.88693]","[0, 0.147187, 0.147187, 0.44156]",0,"[]","[]","[]","[]",26/11/2025 19:46:27
2,"[4.46972, 4.56403]","[0.153902, 0.156101]","[2.06212, 2.02424]","[0.147187, 0.147187]",0,"[]","[]","[]","[]",26/11/2025 19:46:28
4,"[4.43911, 4.62809, 4.49773, 4.6873]","[0.153902, 0.156101, 0.153902, 0.156101]","[2.1272, 1.87315, 2.00028, 1.71963]","[0, 0, -0.147187, -0.147187]",0,"[]","[]","[]","[]",26/11/2025 19:46:29
7,"[4.27275, 4.28495, 4.26096, 4.42455, 4.31647, 4.33689, 4.145]","[-0.151704, 0, 0, 0, 0, 0, 0]","[2.29933, 2.42767, 2.60702, 2.16282, 2.22135, 2.33362, 2.78771]","[0, 0, 0, -0.294373, -0.147187, -0.147187, -0.147187]",0,"[]","[]","[]","[]",26/11/2025 19:46:30
8,"[4.61441, 4.68286, 4.73511, 4.52091, 4.60829, 4.6574, 4.52292, 4.68082]","[0.153902, 0.156101, 0.1583, 0.153902, 0.156101, 0.1583, 0.156101, 0.312202]","[1.71404, 1.73171, 1.79272, 1.94732, 1.92135, 1.98587, 2.1145, 1.71604]","[0, 0, 0, 0.147187, 0.147187, 0.147187, 0.294373, -0.147187]",0,"[]","[]","[]","[]",26/11/2025 19:46:31
1,"[4.51098]","[-0.156101]","[2.13986]","[-0.147187]",0,"[]","[]","[]","[]",26/11/2025 19:46:32
2,"[4.55645, 4.58582]","[-0.153902, 0]","[1.86266, 1.98055]","[0.147187, 0.147187]",0,"[]","[]","[]","[]",26/11/2025 19:46:33
1,"[4.70014]","[0]","[1.69146]","[-0.147187]",0,"[]","[]","[]","[]",26/11/2025 19:46:35
1,"[4.54435]","[0]","[1.89824]","[0.147187]",0,"[]","[]","[]","[]",26/11/2025 19:46:36
7,"[4.59493, 4.5386, 4.57289, 4.59498, 4.61722, 4.68403, 4.76454]","[0, 0, 0, 0, 0, 0, 0]","[1.95931, 1.91194, 2.01021, 2.13221, 1.71339, 1.73556, 1.72027]","[0, 0.147187, 0.147187, 0.147187, -0.147187, -0.147187, -0.147187]",0,"[]","[]","[]","[]",26/11/2025 19:46:37
12,"[4.40828, 4.47392, 4.56553, 4.6737, 4.35059, 4.37124, 4.45199, 4.31574, 4.80187, 4.60636, 4.76418, 4.74148]","[0, 0, 0.156101, 0.1583, 0, 0, 0, 0, 0, 0.153902, 0, 0]","[2.03307, 2.05874, 2.02087, 1.9472, 2.15376, 2.26862, 2.26541, 2.37251, 1.37637, 1.73555, 1.50164, 1.78285]","[0, 0, 0, 0, 0.147187, 0.147187, 0.147187, 0.294373, -0.294373, -0.147187, -0.147187, -0.147187]",0,"[]","[]","[]","[]",26/11/2025 19:46:38
3,"[4.68351, 4.41596, 4.51515]","[-0.156101, -0.153902, -0.156101]","[1.72993, 2.17486, 2.13104]","[0, 0.147187, 0.147187]",0,"[]","[]","[]","[]",26/11/2025 19:46:39
6,"[4.80134, 4.90631, 4.75977, 4.83466, 4.96512, 5.08481]","[0.156101, 0.1583, 0.156101, 0.1583, 0.160498, 0]","[1.36934, 1.25029, 1.5075, 1.5037, 1.30371, 1.11813]","[0, 0, 0.147187, 0.147187, 0.147187, 0.147187]",0,"[]","[]","[]","[]",26/11/2025 19:46:40
13,"[4.37449, 4.49302, 4.5666, 4.58664, 4.20977, 4.34473, 4.5715, 4.62114, 4.59399, 4.45595, 4.53081, 4.5909, 4.60109]","[0, 0, 0, 0.1583, 0.153902, 0.312202, 0, 0, 0, 0, 0, 0, 0]","[2.10479, 2.01672, 2.02447, 2.14426, 2.55119, 2.44503, 1.83187, 1.89669, 2.13434, 1.92635, 1.93033, 1.96875, 2.11899]","[0, 0, 0, 0, 0.147187, 0.147187, -0.294373, -0.294373, -0.294373, -0.147187, -0.147187, -0.147187, -0.147187]",0,"[]","[]","[]","[]",26/11/2025 19:46:44
14,"[4.22603, 4.25783, 4.42177, 4.12251, 4.4136, 4.67629, 4.55094, 4.5998, 4.72089, 4.51616, 4.48494, 4.52008, 4.61049, 4.60939]","[0.307805, 0.312202, 0.316599, 0, 0, 0.156101, 0.307805, 0.312202, 0.316599, 0.151704, 0.307805, 0.312202, 0.316599, 0.320996]","[2.51004, 2.5934, 2.4511, 2.56345, 2.18507, 1.74937, 1.85704, 1.92266, 1.80918, 1.77415, 2.01121, 2.10326, 2.07443, 2.24241]","[0, 0, 0, 0.147187, 0.147187, 0.147187, -0.294373, -0.294373, -0.294373, -0.147187, -0.147187, -0.147187, -0.147187, -0.147187]",0,"[]","[]","[]","[]",26/11/2025 19:46:45
8,"[4.65077, 4.7417, 4.75823, 4.60749, 4.64815, 4.67832, 4.62742, 4.72946]","[0.153902, 0.156101, 0.1583, 0.153902, 0.156101, 0.1583, 0, 0.156101]","[1.61277, 1.56342, 1.7304, 1.73256, 1.8228, 1.93608, 1.8813, 1.60006]","[0, 0, 0, 0.147187, 0.147187, 0.147187, 0.294373, -0.147187]",0,"[]","[]","[]","[]",26/11/2025 19:46:46
6,"[4.87133, 4.47842, 4.53055, 4.51482, 4.4919, 4.12746]","[-0.468303, -0.307805, -0.312202, -0.1583, -0.156101, 0]","[1.0016, 2.02569, 2.08061, 2.29161, 2.17962, 2.8136]","[0, 0.147187, 0.147187, 0.147187, 0.294373, -0.147187]",0,"[]","[]","[]","[]",26/11/2025 19:46:47
4,"[4.61705, 4.52736, 4.6864, 4.85967]","[0, -0.468303, -0.1583, 0]","[2.08399, 2.05817, 1.91645, 1.66178]","[0, -0.147187, -0.147187, -0.147187]",0,"[]","[]","[]","[]",26/11/2025 19:46:48
11,"[4.42646, 4.30748, 5.23216, 4.8477, 4.64371, 4.598, 4.4977, 4.55296, 4.57182, 5.17332, 5.24424]","[-0.153902, -0.312202, 0, 0, -0.312202, -0.316599, -0.307805, -0.312202, -0.316599, 0.162697, 0.164895]","[2.1534, 2.51008, 0.683761, 1.46969, 1.81406, 2.10198, 1.9825, 2.0311, 2.15832, 0.561994, 0.560194]","[0, 0, 0, 0.147187, -0.294373, -0.294373, -0.147187, -0.147187, -0.147187, -0.147187, -0.147187]",0,"[]","[]","[]","[]",26/11/2025 19:46:49
11,"[4.51903, 4.3619, 4.68136, 4.65356, 4.65672, 4.6579, 4.75138, 4.51111, 4.59238, 4.67357, 4.75271]","[0.307805, 0.624404, -1.09271, -0.156101, -0.1583, 0.307805, 0.312202, 0.303407, 0.307805, 0.312202, 0.316599]","[1.93339, 2.35293, -1.35763, 1.80897, 1.98748, 1.56959, 1.50971, 1.76754, 1.75205, 1.73568, 1.72385]","[0, 0, 0, 0.147187, 0.147187, -0.294373, -0.294373, -0.147187, -0.147187, -0.147187, -0.147187]",0,"[]","[]","[]","[]",26/11/2025 19:46:50
12,"[4.70666, 4.58451, 4.4106, 4.39925, 4.60497, 4.63374, 4.64944, 4.53976, 4.56246, 4.59267, 4.66422, 4.75786]","[-0.156101, -0.1583, -0.160498, 0, -0.156101, -0.1583, -0.160498, -0.156101, -0.1583, -0.160498, -0.153902, -0.156101]","[1.66591, 2.1488, 2.62654, 2.21382, 1.92931, 2.04049, 2.17597, 2.0781, 2.19522, 2.29336, 1.57345, 1.5135]","[0, 0, 0, 0.147187, 0.147187, 0.147187, 0.147187, 0.294373, 0.294373, 0.294373, -0.147187, -0.147187]",0,"[]","[]","[]","[]",26/11/2025 19:46:51
2,"[4.64497, 4.59364]","[0, -0.156101]","[1.83756, 1.95612]","[0, 0.147187]",0,"[]","[]","[]","[]",26/11/2025 19:46:52
6,"[4.57565, 4.47007, 4.50833, 4.5417, 4.62712, 4.65801]","[0.312202, 0.153902, 0.156101, 0, 0, 0]","[1.97947, 2.06135, 2.14543, 2.24346, 1.88203, 1.99074]","[0, 0.147187, 0.147187, 0.147187, -0.147187, -0.147187]",0,"[]","[]","[]","[]",26/11/2025 19:46:53
4,"[4.59944, 4.66463, 4.62936, 4.67389]","[0.156101, 0.1583, 0, 0]","[1.94245, 1.96883, 1.87652, 1.95318]","[0.147187, 0.147187, -0.147187, -0.147187]",0,"[]","[]","[]","[]",26/11/2025 19:46:54
1,"[4.48608]","[0]","[2.19713]","[0.147187]",0,"[]","[]","[]","[]",26/11/2025 19:46:55
3,"[4.7237, 4.90399, 4.93292]","[-0.156101, -0.156101, 0]","[1.61696, 0.937472, 1.15172]","[0.147187, -0.147187, -0.147187]",0,"[]","[]","[]","[]",26/11/2025 19:46:56
6,"[4.47513, 4.4678, 4.52622, 4.60578, 4.63863, 4.70646]","[0.156101, 0.1583, 0, 0, 0.1583, 0.160498]","[2.21386, 2.38199, 1.94106, 1.93367, 2.02934, 2.04971]","[0, 0, -0.147187, -0.147187, -0.147187, -0.147187]",0,"[]","[]","[]","[]",26/11/2025 19:46:57
1,"[4.83454]","[0.1583]","[1.50411]","[0.147187]",0,"[]","[]","[]","[]",26/11/2025 19:46:58
7,"[4.46713, 4.51409, 4.53574, 4.44182, 4.46203, 4.59008, 4.66264]","[-0.153902, -0.312202, -0.316599, -0.153902, -0.312202, -0.316599, -0.160498]","[2.06772, 2.1161, 2.23316, 2.12154, 2.22377, 2.11922, 2.14753]","[0, 0, 0, -0.147187, -0.147187, -0.147187, -0.147187]",0,"[]","[]","[]","[]",26/11/2025 19:46:59
9,"[4.6685, 4.72181, 4.76622, 4.69317, 4.80329, 4.8142, 4.60763, 4.6437, 5.18536]","[0, 0, -0.1583, 0.153902, 0.156101, 0, -0.156101, -0.1583, 0.329791]","[1.56827, 1.62999, 1.70827, 1.48487, 1.36246, 1.57595, 1.92294, 2.0177, 0.919979]","[0, 0, 0, 0.147187, 0.147187, 0.147187, -0.147187, -0.147187, -0.147187]",0,"[]","[]","[]","[]",26/11/2025 19:47:00
4,"[4.66661, 4.71335, 4.66076, 4.59503]","[0, 0, 0, -0.1583]","[1.78187, 1.85593, 1.79713, 2.12621]","[0.147187, 0.147187, -0.147187, -0.147187]",0,"[]","[]","[]","[]",26/11/2025 19:47:01
12,"[4.67501, 4.68178, 4.61955, 4.5572, 4.66889, 4.64273, 4.3855, 4.54791, 4.59933, 4.58417, 4.6869, 4.71441]","[0.156101, 0.1583, 0.160498, -0.153902, -0.156101, -0.1583, -0.160498, -0.153902, -0.156101, -0.1583, 0.312202, 0.316599]","[1.75278, 1.92769, 2.23873, 1.86081, 1.76901, 2.01994, 2.66824, 1.88341, 1.94272, 2.14953, 1.69936, 1.82599]","[0, 0, 0, 0.147187, 0.147187, 0.147187, 0.147187, 0.294373, 0.294373, 0.294373, -0.147187, -0.147187]",0,"[]","[]","[]","[]",26/11/2025 19:47:02
9,"[4.51353, 4.58088, 4.64454, 4.4363, 4.49671, 4.56461, 4.44041, 4.4993, 5.17671]","[-0.153902, -0.156101, -0.1583, -0.153902, -0.156101, -0.1583, -0.156101, -0.1583, -0.162697]","[1.96438, 1.98581, 2.01577, 2.13305, 2.1697, 2.19076, 2.2827, 2.32194, 0.529861]","[0, 0, 0, 0.147187, 0.147187, 0.147187, 0.294373, 0.294373, -0.147187]",0,"[]","[]","[]","[]",26/11/2025 19:47:03
8,"[4.64987, 4.67802, 4.3682, 4.27848, 4.64544, 4.56247, 4.59346, 4.51647]","[0.156101, 0.1583, -0.153902, -0.156101, 0, 0, 0, 0]","[1.81842, 1.93681, 2.26925, 2.57343, 1.83635, 1.85424, 1.96277, 2.29383]","[0, 0, 0.147187, 0.147187, -0.294373, -0.147187, -0.147187, -0.147187]",0,"[]","[]","[]","[]",26/11/2025 19:47:04
13,"[4.48378, 4.58784, 4.64092, 4.63654, 4.58988, 4.67749, 4.71177, 4.601, 4.65099, 4.48669, 4.55587, 4.60128, 4.58734]","[-0.151704, -0.153902, 0, 0.1583, 0.153902, 0.156101, 0.316599, -0.153902, -0.156101, -0.151704, -0.153902, -0.156101, 0]","[1.85447, 1.78394, 1.84775, 2.03411, 1.77867, 1.74616, 1.83279, 1.7497, 1.81555, 1.84742, 1.86407, 1.93808, 2.14859]","[0, 0, 0, 0, 0.147187, 0.147187, 0.147187, -0.294373, -0.294373, -0.147187, -0.147187, -0.147187, -0.147187]",0,"[]","[]","[]","[]",26/11/2025 19:47:05
2,"[4.64333, 4.6224]","[0, 0.1583]","[1.8417, 2.06603]","[-0.147187, -0.147187]",0,"[]","[]","[]","[]",26/11/2025 19:47:06
10,"[4.7572, 4.78469, 4.57064, 4.60907, 4.59053, 4.44581, 4.50581, 4.43792, 4.61455, 4.62019]","[-0.1583, 0, -0.156101, -0.1583, 0, -0.156101, -0.1583, 0, 0, 0]","[1.73325, 1.86671, 2.00928, 2.09561, 2.30324, 2.27215, 2.30927, 2.58509, 1.72056, 1.89899]","[0, 0, 0.147187, 0.147187, 0.147187, 0.294373, 0.294373, 0.294373, -0.147187, -0.147187]",0,"[]","[]","[]","[]",26/11/2025 19:47:07
11,"[4.65992, 4.7182, 4.78767, 4.46509, 4.55751, 4.58724, 4.4857, 4.42164, 4.47793, 4.63964, 4.68693]","[-0.156101, -0.1583, 0.160498, -0.153902, -0.156101, -0.1583, 0, -0.156101, -0.1583, -0.153902, -0.156101]","[1.79251, 1.83675, 1.85212, 2.07212, 2.03889, 2.14298, 2.50127, 2.31885, 2.36289, 1.64451, 1.72065]","[0, 0, 0, 0.147187, 0.147187, 0.147187, 0.147187, 0.294373, 0.294373, 0.44156, 0.44156]",0,"[]","[]","[]","[]",26/11/2025 19:47:08
9,"[4.55445, 4.59514, 4.6233, 4.59582, 4.67756, 4.43657, 4.59307, 4.60431, 4.65579]","[-0.1583, 0.156101, 0.1583, -0.153902, -0.156101, -0.151704, -0.153902, 0.156101, 0]","[2.21181, 1.9526, 2.06403, 1.76327, 1.74595, 1.96473, 1.77042, 1.93088, 1.99594]","[0, 0.147187, 0.147187, -0.294373, -0.294373, -0.147187, -0.147187, -0.147187, -0.147187]",0,"[]","[]","[]","[]",26/11/2025 19:47:09
12,"[4.65548, 4.61083, 4.67782, 4.0007, 3.13746, 4.57507, 4.64407, 4.66311, 4.2625, 4.463, 4.53832, 4.53041]","[-0.153902, -0.156101, 0, 0, 0.153902, -0.153902, -0.156101, 0, 0, -0.153902, -0.156101, -0.1583]","[1.59914, 1.91525, 1.94374, 2.74968, 3.79302, 1.81644, 1.83318, 1.97877, 2.32324, 2.07662, 2.08126, 2.26064]","[0, 0, 0, 0.147187, 0.147187, -0.294373, -0.294373, -0.294373, -0.147187, -0.147187, -0.147187, -0.147187]",0,"[]","[]","[]","[]",26/11/2025 19:47:11
4,"[4.79668, 4.47742, 4.72714, 4.80152]","[-0.156101, 0.153902, -0.156101, -0.1583]","[1.38556, 2.04533, 1.60688, 1.60639]","[0, 0.147187, 0.147187, 0.147187]",0,"[]","[]","[]","[]",26/11/2025 19:47:12
10,"[4.50831, 4.51814, 4.38987, 4.44167, 4.48188, 4.48398, 4.48527, 4.54787, 4.87359, 5.02767]","[-0.153902, -0.312202, -0.151704, -0.153902, -0.156101, -0.153902, -0.156101, -0.151704, -0.1583, 0]","[1.97633, 2.10743, 2.06697, 2.12185, 2.20015, 2.03093, 2.19324, 1.69122, 1.37231, 1.04899]","[0, 0, 0.147187, 0.147187, 0.147187, 0.294373, 0.294373, 0.44156, -0.147187, -0.147187]",0,"[]","[]","[]","[]",26/11/2025 19:47:13
10,"[4.74237, 4.83757, 4.38732, 4.47662, 4.7145, 4.73732, 4.66428, 4.67135, 4.45458, 4.44626]","[0.312202, 0.316599, -0.151704, 0, 0.312202, 0.316599, 0.312202, 0.316599, 0, 0]","[1.53777, 1.46896, 2.07238, 2.05287, 1.62123, 1.7657, 1.76048, 1.93348, 1.92953, 2.11781]","[0, 0, 0.147187, 0.147187, 0.147187, 0.147187, 0.294373, 0.294373, -0.147187, -0.147187]",0,"[]","[]","[]","[]",26/11/2025 19:47:14
6,"[4.45664, 4.54664, 4.57752, 4.41394, 4.44585, 4.39955]","[0.312202, 0.316599, -0.156101, -0.153902, -0.156101, -0.1583]","[2.23454, 2.21088, 1.99356, 2.17895, 2.27207, 2.5058]","[0.147187, 0.147187, -0.294373, -0.147187, -0.147187, -0.147187]",0,"[]","[]","[]","[]",26/11/2025 19:47:15
13,"[4.56037, 4.56121, 4.4562, 4.54005, 4.60499, 4.54743, 4.60451, 4.62805, 4.60157, 4.55735, 4.56528, 4.56294, 4.64332]","[0, 0, 0, 0, 0, 0.29901, 0.303407, 0.307805, 0.156101, 0.303407, 0.153902, 0.156101, 0.1583]","[1.85941, 2.03658, 2.09682, 2.08333, 2.1105, 1.45591, 1.50758, 1.65555, 1.9374, 1.64463, 1.8409, 2.0267, 2.01859]","[0, 0, 0.147187, 0.147187, 0.147187, -0.294373, -0.294373, -0.294373, -0.294373, -0.147187, -0.147187, -0.147187, -0.147187]",0,"[]","[]","[]","[]",26/11/2025 19:47:16
10,"[4.69258, 4.7612, 4.40958, 4.52866, 4.59768, 4.62986, 4.48272, 4.53123, 4.51704, 4.5754]","[0, 0, 0, 0.153902, 0.156101, 0.1583, 0, 0, 0, 0.312202]","[1.4947, 1.51105, 2.03026, 1.92924, 1.94662, 2.04926, 2.03951, 2.10245, 2.2927, 1.98003]","[0, 0, 0.147187, 0.147187, 0.147187, 0.147187, 0.294373, 0.294373, 0.294373, -0.294373]",0,"[]","[]","[]","[]",26/11/2025 19:47:17
13,"[4.57728, 4.50035, 4.44972, 4.33583, 4.60841, 4.5954, 4.59049, 4.43565, 4.33579, 4.65919, 4.56801, 4.54773, 4.4124]","[0, 0.156101, 0.1583, -0.153902, 0.153902, 0.156101, 0.1583, 0.320996, 0, 0.153902, 0.156101, 0.1583, 0.320996]","[1.81739, 2.16213, 2.41559, 2.33051, 1.73011, 1.95199, 2.136, 2.56902, 2.1834, 1.58829, 2.01526, 2.22558, 2.60875]","[0, 0, 0, 0.147187, -0.294373, -0.294373, -0.294373, -0.294373, -0.147187, -0.147187, -0.147187, -0.147187, -0.147187]",0,"[]","[]","[]","[]",26/11/2025 19:47:18
7,"[4.22386, 4.34595, 4.56577, 4.66075, 4.54423, 4.62494, 4.71758]","[-0.153902, -0.156101, -0.153902, 0, 0, 0, 0]","[2.52779, 2.45777, 1.83968, 1.79714, 1.89851, 1.88739, 1.84516]","[0, 0, 0.147187, 0.147187, -0.147187, -0.147187, -0.147187]",0,"[]","[]","[]","[]",26/11/2025 19:47:19
13,"[4.69243, 4.43188, 4.53344, 4.62629, 4.74723, 4.43003, 4.51435, 4.54219, 4.63626, 4.75532, 4.51754, 4.61202, 4.70649]","[0.1583, 0.151704, 0.153902, 0.312202, 0.320996, 0.151704, 0.307805, -0.153902, 0, 0.1583, 0, 0, 0.1583]","[1.90164, 1.9753, 1.91796, 1.85804, 1.93355, 1.97944, 1.94429, 1.89715, 1.85941, 1.73839, 1.96117, 1.91875, 1.86655]","[0, 0.147187, 0.147187, 0.147187, 0.147187, 0.294373, 0.294373, -0.294373, -0.294373, -0.294373, -0.147187, -0.147187, -0.147187]",0,"[]","[]","[]","[]",26/11/2025 19:47:20
10,"[4.48619, 4.5568, 4.5089, 4.48401, 4.5178, 4.6567, 4.57845, 4.60352, 4.5932, 4.59888]","[0.303407, 0.307805, 0, 0.153902, 0.156101, 0.153902, 0.303407, 0.153902, 0, -0.1583]","[1.82985, 1.84261, 2.14992, 2.03085, 2.12543, 1.59556, 1.58496, 1.74307, 1.96336, 2.11786]","[0, 0, 0, 0.147187, 0.147187, -0.294373, -0.147187, -0.147187, -0.147187, -0.147187]",0,"[]","[]","[]","[]",26/11/2025 19:47:21
11,"[4.58947, 4.68037, 4.71445, 4.60775, 4.67166, 4.68099, 4.6233, 4.69587, 4.3586, 4.46638, 4.74754]","[0, -0.156101, -0.1583, 0, 0, 0, 0, -0.1583, 0.153902, 0, -0.316599]","[1.78638, 1.73841, 1.84637, 1.7387, 1.76859, 1.9361, 1.89141, 1.89311, 2.28763, 2.23691, 1.73805]","[0, 0, 0, 0.147187, 0.147187, 0.147187, -0.294373, -0.294373, -0.147187, -0.147187, -0.147187]",0,"[]","[]","[]","[]",26/11/2025 19:47:22
11,"[4.66299, 4.77059, 4.26824, 4.54435, 4.68591, 4.80485, 4.53784, 4.62835, 4.4825, 4.58256, 4.7318]","[0.153902, 0.156101, 0.151704, 0.153902, 0.156101, 0.316599, 0.153902, 0.156101, 0.151704, 0.153902, 0.156101]","[1.57709, 1.47289, 2.3077, 1.89198, 1.72344, 1.57269, 1.90755, 1.87253, 1.85756, 1.79745, 1.59313]","[0, 0, 0.147187, 0.147187, 0.147187, 0.147187, 0.294373, 0.294373, -0.147187, -0.147187, -0.147187]",0,"[]","[]","[]","[]",26/11/2025 19:47:23
7,"[4.56052, 4.57452, 4.42445, 4.48888, 4.47145, 4.54091, 4.53948]","[0, 0.1583, 0.153902, 0.156101, 0.1583, 0.307805, 0.312202]","[2.03814, 2.16999, 2.15753, 2.18584, 2.37512, 1.88143, 2.06106]","[0, 0, 0.147187, 0.147187, 0.147187, -0.147187, -0.147187]",0,"[]","[]","[]","[]",26/11/2025 19:47:24
14,"[4.64266, 4.69312, 4.74262, 4.45587, 4.5657, 4.62829, 4.66868, 4.5378, 4.5886, 4.61256, 4.61045, 4.70579, 5.02125, 5.12268]","[0.153902, 0.156101, 0.1583, 0, 0.153902, 0.156101, 0.1583, 0.153902, 0.156101, 0.1583, 0, 0.156101, 0.162697, 0.164895]","[1.63597, 1.70369, 1.77276, 1.92654, 1.83985, 1.87268, 1.95921, 1.90765, 1.96791, 2.08791, 1.73152, 1.66839, 1.36604, 1.25459]","[0, 0, 0, 0.147187, 0.147187, 0.147187, 0.147187, 0.294373, 0.294373, 0.294373, -0.147187, -0.147187, -0.147187, -0.147187]",0,"[]","[]","[]","[]",26/11/2025 19:47:25
4,"[4.51907, 4.64813, 4.52458, 4.67875]","[0, 0, 0, 0]","[1.95766, 1.82953, 1.94488, 1.74973]","[0.147187, 0.147187, -0.147187, -0.147187]",0,"[]","[]","[]","[]",26/11/2025 19:47:26
5,"[4.54883, 4.55103, 4.51774, 4.45668, 5.14879]","[-0.156101, 0, 0, -0.1583, 0]","[2.05818, 1.88215, 2.13128, 2.40273, 0.771675]","[0, 0.147187, 0.147187, 0.147187, -0.147187]",0,"[]","[]","[]","[]",26/11/2025 19:47:27
4,"[4.42557, 4.49136, 4.48242, 4.42535]","[0, 0, 0, 0]","[2.16073, 2.02041, 2.2046, 2.46505]","[0.147187, -0.147187, -0.147187, -0.147187]",0,"[]","[]","[]","[]",26/11/2025 19:47:28
2,"[4.55864, 4.62584]","[-0.153902, -0.156101]","[1.85728, 1.87871]","[-0.147187, -0.147187]",0,"[]","[]","[]","[]",26/11/2025 19:47:30
6,"[4.69986, 4.54205, 4.60396, 4.59064, 4.62399, 4.70882]","[0, 0, 0, 0.1583, 0.153902, 0.156101]","[1.69222, 1.90373, 1.93801, 2.13569, 1.68802, 1.65982]","[0, 0.147187, 0.147187, 0.147187, -0.147187, -0.147187]",0,"[]","[]","[]","[]",26/11/2025 19:47:31
4,"[4.48982, 4.56004, 4.60498, 4.6882]","[0, 0.156101, 0.153902, 0.156101]","[2.02383, 2.03322, 1.7392, 1.71718]","[0.147187, 0.147187, -0.147187, -0.147187]",0,"[]","[]","[]","[]",26/11/2025 19:47:32
3,"[4.37588, 4.47676, 4.60583]","[0, -0.153902, 0]","[2.10191, 2.04678, 1.74376]","[0.147187, 0.147187, -0.147187]",0,"[]","[]","[]","[]",26/11/2025 19:47:33
6,"[4.63725, 4.54449, 4.53485, 4.64225, 4.66052, 4.66583]","[0, 0, 0, 0, 0, 0]","[1.85693, 1.89788, 2.09462, 1.64435, 1.79773, 1.97235]","[0, 0.147187, 0.147187, -0.147187, -0.147187, -0.147187]",0,"[]","[]","[]","[]",26/11/2025 19:47:35
2,"[4.54034, 4.55425]","[0.307805, 0.312202]","[1.88281, 2.02822]","[-0.147187, -0.147187]",0,"[]","[]","[]","[]",26/11/2025 19:47:36
14,"[4.4562, 4.52662, 4.56491, 4.5087, 4.40081, 4.44899, 4.46612, 4.53939, 4.59342, 4.64489, 4.44313, 4.51874, 4.64494, 4.7263]","[0, 0, 0.156101, 0, 0, 0, 0, 0.303407, 0.307805, 0.468303, 0.303407, 0.307805, 0.312202, 0.316599]","[1.92577, 1.94012, 2.02226, 2.30907, 2.0492, 2.11207, 2.23743, 1.69358, 1.74932, 1.77709, 1.93206, 1.93406, 1.81091, 1.795]","[0, 0, 0, 0, 0.147187, 0.147187, 0.147187, -0.294373, -0.294373, -0.294373, -0.147187, -0.147187, -0.147187, -0.147187]",0,"[]","[]","[]","[]",26/11/2025 19:47:38
10,"[4.40681, 4.50611, 4.51759, 4.50571, 4.36157, 4.34167, 4.46961, 4.5552, 4.64751, 4.60998]","[-0.151704, -0.153902, 0, 0, -0.153902, -0.156101, -0.151704, 0, 0.156101, 0.1583]","[2.03061, 1.98134, 2.1316, 2.31489, 2.28198, 2.46534, 1.88837, 1.87205, 1.82444, 2.09361]","[0, 0, 0, 0, 0.147187, 0.147187, -0.147187, -0.147187, -0.147187, -0.147187]",0,"[]","[]","[]","[]",26/11/2025 19:47:39
5,"[4.68282, 4.69819, 4.70367, 4.7556, 4.79225]","[0.153902, 0.156101, 0, 0, 0]","[1.51721, 1.68967, 1.4594, 1.52859, 1.64148]","[0.147187, 0.147187, -0.147187, -0.147187, -0.147187]",0,"[]","[]","[]","[]",26/11/2025 19:47:41
2,"[4.47244, 4.50503]","[0.153902, 0.156101]","[2.05621, 2.15236]","[0.147187, 0.147187]",0,"[]","[]","[]","[]",26/11/2025 19:47:42
2,"[4.38912, 4.86197]","[0.156101, -0.162697]","[2.37983, 1.85479]","[0.147187, -0.147187]",0,"[]","[]","[]","[]",26/11/2025 19:47:43
7,"[4.56297, 4.5881, 4.57803, 4.59642, 4.57135, 4.50505, 4.47367]","[0, 0, 0, 0, 0, 0.153902, 0.156101]","[1.85301, 1.97525, 1.81549, 1.95581, 2.1824, 1.98375, 2.21681]","[0, 0, 0.147187, 0.147187, 0.147187, -0.147187, -0.147187]",0,"[]","[]","[]","[]",26/11/2025 19:47:44
7,"[4.4944, 4.43664, 4.52515, 4.5864, 4.5271, 4.57073, 4.61357]","[0.156101, 0.156101, 0.1583, 0.312202, 0.153902, 0.156101, 0.1583]","[2.17447, 2.29002, 2.27114, 1.95443, 1.93289, 2.00906, 2.08568]","[0, 0.147187, 0.147187, -0.294373, -0.147187, -0.147187, -0.147187]",0,"[]","[]","[]","[]",26/11/2025 19:47:45
3,"[4.70406, 4.77733, 4.83709]","[-0.156101, -0.156101, -0.1583]","[1.67325, 1.45088, 1.49588]","[0, -0.147187, -0.147187]",0,"[]","[]","[]","[]",26/11/2025 19:47:46
9,"[4.31932, 4.41877, 4.4629, 4.18455, 4.28586, 4.39148, 4.13725, 4.76638, 4.75262]","[0, -0.153902, -0.156101, 0, -0.153902, -0.312202, -0.474899, 0, 0]","[2.21582, 2.16913, 2.23841, 2.46087, 2.42118, 2.36004, 2.88406, 1.49464, 1.75293]","[0, 0, 0, 0.147187, 0.147187, 0.147187, 0.147187, -0.147187, -0.147187]",0,"[]","[]","[]","[]",26/11/2025 19:47:47
5,"[4.51889, 4.41478, 4.36541, 4.44219, 4.38954]","[0.153902, 0.156101, 0.151704, 0.153902, 0.156101]","[1.95201, 2.33189, 2.11814, 2.12077, 2.37905]","[0, 0, 0.147187, 0.147187, 0.147187]",0,"[]","[]","[]","[]",26/11/2025 19:47:48
3,"[4.49234, 4.49686, 4.37658]","[0, 0, 0]","[2.18431, 2.33204, 2.55062]","[0, 0, -0.147187]",0,"[]","[]","[]","[]",26/11/2025 19:47:49
5,"[4.61825, 4.61217, 4.58562, 4.58418, 4.52218]","[-0.307805, -0.156101, 0, 0, 0]","[1.68268, 1.91202, 1.79625, 1.98435, 2.28255]","[0.147187, 0.147187, -0.147187, -0.147187, -0.147187]",0,"[]","[]","[]","[]",26/11/2025 19:47:50
2,"[4.4741, 4.54906]","[0, 0]","[2.05835, 2.06358]","[-0.147187, -0.147187]",0,"[]","[]","[]","[]",26/11/2025 19:47:52
2,"[4.32798, 4.28422]","[0, -0.153902]","[2.19884, 2.42408]","[0.147187, 0.147187]",0,"[]","[]","[]","[]",26/11/2025 19:47:53
2,"[4.41597, 4.5476]","[-0.153902, -0.153902]","[2.17484, 1.88415]","[0.147187, -0.147187]",0,"[]","[]","[]","[]",26/11/2025 19:47:54
6,"[4.48238, 4.67635, 4.88385, 4.39234, 4.42182, 4.52313]","[0, -0.156101, 0, 0, 0, 0]","[2.04025, 1.7492, 1.5893, 2.06729, 2.16838, 2.11981]","[0, 0, 0.147187, -0.147187, -0.147187, -0.147187]",0,"[]","[]","[]","[]",26/11/2025 19:47:57
10,"[4.56124, 4.60546, 4.65199, 4.54022, 4.57118, 4.60628, 4.69889, 4.53193, 4.54081, 4.53833]","[-0.153902, -0.156101, -0.1583, -0.153902, -0.156101, -0.1583, 0, -0.153902, -0.156101, -0.1583]","[1.85089, 1.92814, 1.99851, 1.90187, 2.00804, 2.10173, 2.07323, 1.92154, 2.07582, 2.2447]","[0, 0, 0, 0.147187, 0.147187, 0.147187, 0.147187, 0.294373, 0.294373, 0.294373]",0,"[]","[]","[]","[]",26/11/2025 19:47:58
4,"[4.23313, 4.31275, 4.389, 4.41657]","[0, 0.156101, 0, 0.156101]","[2.51695, 2.51559, 2.23407, 2.32848]","[0, 0, -0.147187, -0.147187]",0,"[]","[]","[]","[]",26/11/2025 19:47:59
17,"[4.37775, 4.31199, 4.15213, 4.32795, 4.28894, 4.35827, 4.25701, 3.57639, 4.7765, 4.66619, 4.29642, 4.24035, 4.68507, 4.68802, 4.49175, 4.58787, 4.66033]","[0, 0.153902, 0.312202, 0.316599, 0.641993, 0, 0.153902, 0.312202, 0.160498, 0.162697, 0, 0, 0.160498, 0.316599, 0.312202, 0.316599, 0.320996]","[2.09801, 2.37433, 2.75947, 2.6132, 2.75149, 2.13818, 2.47155, 3.47337, 1.88074, 2.30342, 2.25989, 2.50476, 2.09816, 1.89272, 2.16311, 2.12399, 2.13452]","[0, 0, 0, 0, 0, 0.147187, 0.147187, 0.147187, 0.147187, 0.147187, 0.294373, 0.294373, 0.294373, -0.294373, -0.147187, -0.147187, -0.147187]",0,"[]","[]","[]","[]",26/11/2025 19:48:00
14,"[4.2853, 4.30145, 4.1895, 4.56045, 4.15569, 4.94539, 4.40045, 4.45198, 4.4557, 4.69358, 4.35847, 4.38295, 4.35721, 4.56292]","[0, 0, 0, 0.160498, -0.153902, 0.1583, 0, 0, 0, 0.320996, 0, 0, 0, 0.160498]","[2.28091, 2.39832, 2.72036, 2.35677, 2.63836, 1.08545, 2.04997, 2.10577, 2.25812, 2.06037, 2.13778, 2.24592, 2.44275, 2.352]","[0, 0, 0, 0, 0.147187, 0.147187, -0.294373, -0.294373, -0.294373, -0.294373, -0.147187, -0.147187, -0.147187, -0.147187]",0,"[]","[]","[]","[]",26/11/2025 19:48:01
8,"[4.31648, 4.36205, 4.4181, 4.46071, 4.56886, 4.63682, 4.66344, 5.02176]","[0, 0, 0, 0.1583, 0.153902, 0.156101, 0.1583, 0.164895]","[2.22134, 2.28625, 2.33081, 2.39523, 1.83201, 1.85144, 1.97166, 1.61176]","[0.147187, 0.147187, 0.147187, 0.147187, -0.147187, -0.147187, -0.147187, -0.147187]",0,"[]","[]","[]","[]",26/11/2025 19:48:03
8,"[4.34565, 4.42578, 4.53017, 4.5329, 4.56323, 4.44939, 4.49334, 4.56898]","[0.153902, 0.156101, 0.316599, 0.156101, 0.1583, 0.153902, 0.156101, 0.316599]","[2.31215, 2.31094, 2.24443, 2.09303, 2.19364, 2.10562, 2.17666, 2.16433]","[0, 0, 0, -0.294373, -0.294373, -0.147187, -0.147187, -0.147187]",0,"[]","[]","[]","[]",26/11/2025 19:48:05
7,"[4.59097, 4.61759, 4.53747, 4.56784, 4.48356, 4.51345, 4.53882]","[0.156101, 0.316599, 0.156101, 0.1583, 0.1583, 0.151704, 0.153902]","[1.96238, 2.05858, 2.0831, 2.18403, 2.35218, 1.78103, 1.90521]","[0, 0, 0.147187, 0.147187, 0.294373, -0.147187, -0.147187]",0,"[]","[]","[]","[]",26/11/2025 19:48:06
3,"[4.40628, 4.4323, 4.53433]","[0, 0, 0]","[2.03741, 2.14689, 2.09575]","[-0.147187, -0.147187, -0.147187]",0,"[]","[]","[]","[]",26/11/2025 19:48:09
4,"[4.52968, 4.53728, 4.68792, 4.71159]","[0, 0, 0, 0]","[1.93298, 2.08935, 1.50924, 1.65929]","[0.147187, 0.147187, -0.147187, -0.147187]",0,"[]","[]","[]","[]",26/11/2025 19:48:10
3,"[4.31018, 4.38601, 4.41733]","[0, 0, 0]","[2.23354, 2.23993, 2.17752]","[0, 0, -0.147187]",0,"[]","[]","[]","[]",26/11/2025 19:48:11
3,"[4.74864, 4.42658, 4.78813]","[0.156101, 0, 0.156101]","[1.54219, 1.99293, 1.41484]","[0, -0.147187, -0.147187]",0,"[]","[]","[]","[]",26/11/2025 19:48:13
11,"[4.52939, 4.61931, 4.88763, 4.69034, 4.84522, 4.59722, 4.64683, 4.68269, 4.56146, 4.57717, 4.534]","[0.307805, 0.312202, 0.1583, 0.156101, 0, 0.303407, 0.307805, 0.468303, 0.303407, 0.307805, 0.312202]","[1.909, 1.87532, 1.32141, 1.71133, 1.47784, 1.52967, 1.60206, 1.67494, 1.6332, 1.79141, 2.07308]","[0, 0, 0, 0.147187, 0.147187, -0.294373, -0.294373, -0.294373, -0.147187, -0.147187, -0.147187]",0,"[]","[]","[]","[]",26/11/2025 19:48:14
4,"[4.60998, 4.62803, 4.52923, 4.6107]","[0.153902, 0.312202, 0.153902, 0.312202]","[1.72591, 1.85369, 1.9279, 1.89639]","[0, 0, 0.147187, 0.147187]",0,"[]","[]","[]","[]",26/11/2025 19:48:15
11,"[4.43904, 4.5663, 4.67674, 4.69141, 4.70655, 4.63683, 4.6922, 4.39017, 4.50001, 4.56101, 4.59946]","[0, 0, 0, -0.156101, -0.1583, 0.153902, 0.156101, 0, 0, 0.156101, 0.1583]","[2.13291, 2.02514, 1.94635, 1.70839, 1.86641, 1.65242, 1.70622, 2.07189, 2.00108, 2.03104, 2.11661]","[0, 0, 0, 0.147187, 0.147187, -0.294373, -0.294373, -0.147187, -0.147187, -0.147187, -0.147187]",0,"[]","[]","[]","[]",26/11/2025 19:48:16
6,"[4.57614, 4.68717, 4.32198, 4.5724, 4.65539, 4.70231]","[0, 0, 0.149505, 0, 0, 0]","[2.00282, 1.92109, 2.04605, 1.82963, 1.811, 1.88372]","[0, 0, -0.147187, -0.147187, -0.147187, -0.147187]",0,"[]","[]","[]","[]",26/11/2025 19:48:17
1,"[4.64306]","[0]","[1.84237]","[0.147187]",0,"[]","[]","[]","[]",26/11/2025 19:48:18
6,"[4.18308, 4.21539, 4.33931, 4.26471, 4.15471, 4.7315]","[0.151704, 0.153902, 0, 0.156101, 0.151704, 0.156101]","[2.45869, 2.54188, 2.32912, 2.5962, 2.50634, 1.59401]","[0, 0, 0.147187, 0.147187, -0.147187, -0.147187]",0,"[]","[]","[]","[]",26/11/2025 19:48:19
21,"[4.29257, 4.36939, 4.46245, 4.62772, 4.74509, 4.73767, 4.64177, 4.51523, 4.59824, 4.72316, 4.90332, 4.80784, 4.69565, 4.36353, 4.44799, 4.52956, 4.69266, 4.84211, 4.8496, 4.71994, 4.5466]","[0.29901, 0.303407, 0.307805, 0.156101, 0.1583, 0.160498, 0.162697, 0.303407, 0.307805, 0.312202, 0.1583, 0.162697, 0.164895, 0.29901, 0.303407, 0.307805, 0.156101, 0.1583, 0.160498, 0.162697, 0]","[2.09109, 2.09351, 2.06063, 1.87408, 1.76614, 1.9765, 2.35223, 1.75699, 1.73661, 1.59581, 1.26198, 1.99091, 2.40139, 1.93866, 1.92086, 1.90858, 1.70496, 1.47953, 1.6833, 2.19117, 2.67797]","[0, 0, 0, 0, 0, 0, 0, -0.294373, -0.294373, -0.294373, -0.294373, -0.294373, -0.294373, -0.147187, -0.147187, -0.147187, -0.147187, -0.147187, -0.147187, -0.147187, -0.147187]",0,"[]","[]","[]","[]",26/11/2025 19:48:20
13,"[4.48527, 4.50827, 4.52795, 4.46029, 4.45029, 5.28903, 4.5826, 4.6304, 4.64061, 4.521, 4.55881, 4.57533, 4.48192]","[0, 0, 0, 0, 0.303407, 0.167094, 0, 0, 0, -0.151704, -0.153902, -0.156101, 0]","[1.85706, 1.98239, 2.10949, 2.40125, 1.91552, 0.767295, 1.80393, 1.87396, 2.03099, 1.76178, 1.85687, 1.99857, 2.36062]","[0, 0, 0, 0, 0.147187, 0.294373, -0.294373, -0.294373, -0.294373, -0.147187, -0.147187, -0.147187, -0.147187]",0,"[]","[]","[]","[]",26/11/2025 19:48:22
2,"[5.11563, 5.14636]","[0.162697, 0.164895]","[0.953584, 1.1536]","[-0.147187, -0.147187]",0,"[]","[]","[]","[]",26/11/2025 19:48:23
10,"[4.69127, 4.71373, 4.39104, 4.51354, 4.59916, 4.63969, 4.55214, 4.56822, 4.56827, 4.53159]","[0.1583, 0.160498, 0, 0.156101, 0.1583, 0.320996, -0.1583, -0.160498, 0, 0]","[1.90449, 2.03294, 2.23007, 2.13447, 2.11726, 2.17902, 2.21656, 2.34169, 2.18886, 2.41714]","[0, 0, 0.147187, 0.147187, 0.147187, 0.147187, -0.294373, -0.294373, -0.147187, -0.147187]",0,"[]","[]","[]","[]",26/11/2025 19:48:24
8,"[4.58502, 4.43962, 4.53577, 4.51826, 4.73734, 4.57418, 4.64963, 4.72292]","[0, 0.316599, 0.320996, 0.325393, 0.320996, 0.316599, 0.320996, 0.325393]","[1.9824, 2.41861, 2.38781, 2.56611, 1.95766, 2.15332, 2.15772, 2.16648]","[0, 0, 0, 0, -0.294373, -0.147187, -0.147187, -0.147187]",0,"[]","[]","[]","[]",26/11/2025 19:48:25
4,"[4.10124, 4.74411, 4.20624, 4.2166]","[0.29901, -0.1583, 0.29901, 0.303407]","[2.44512, 1.76876, 2.25973, 2.38634]","[0, 0.147187, -0.147187, -0.147187]",0,"[]","[]","[]","[]",26/11/2025 19:48:26
9,"[4.4126, 4.4934, 4.51215, 4.45059, 4.61284, 4.58239, 4.33287, 4.46581, 4.56304]","[-0.156101, -0.1583, 0.156101, 0, -0.312202, -0.1583, 0, -0.312202, -0.1583]","[2.336, 2.33334, 2.13739, 2.41917, 1.89118, 2.15331, 2.34107, 2.21616, 2.19404]","[0, 0, 0.147187, 0.147187, -0.294373, -0.294373, -0.147187, -0.147187, -0.147187]",0,"[]","[]","[]","[]",26/11/2025 19:48:27
5,"[4.55052, 4.54219, 4.52852, 4.56695, 4.55363]","[-0.307805, -0.156101, 0, 0.156101, 0.1583]","[1.85807, 2.07279, 2.26995, 2.01765, 2.21349]","[0.147187, 0.147187, 0.147187, -0.147187, -0.147187]",0,"[]","[]","[]","[]",26/11/2025 19:48:28
7,"[4.60731, 4.64335, 4.39576, 4.50082, 4.55292, 4.69361, 4.6697]","[0, 0, 0.153902, 0.156101, 0.316599, -0.312202, -0.1583]","[1.93003, 2.0247, 2.2154, 2.16114, 2.19792, 1.68073, 1.95679]","[0, 0, 0.147187, 0.147187, 0.147187, -0.147187, -0.147187]",0,"[]","[]","[]","[]",26/11/2025 19:48:29
